dataset,epoch,seed,method,role,report,amortized_ms_per_record,amortized_records_per_second,auc,auc_ci_high,auc_ci_low,calibrated_actual_fpr_at_10pct,calibrated_actual_fpr_at_10pct_ci_high,calibrated_actual_fpr_at_10pct_ci_low,calibrated_actual_fpr_at_1pct,calibrated_actual_fpr_at_1pct_ci_high,calibrated_actual_fpr_at_1pct_ci_low,calibrated_tpr_at_10pct,calibrated_tpr_at_10pct_ci_high,calibrated_tpr_at_10pct_ci_low,calibrated_tpr_at_1pct,calibrated_tpr_at_1pct_ci_high,calibrated_tpr_at_1pct_ci_low,calibration_seconds,draft_input_tokens,draft_input_tokens_per_record,draft_sequences,draft_sequences_per_record,execution_group,execution_group_seconds,generated_tokens,generated_tokens_per_record,n_calibration,n_test_member,n_test_nonmember,pauc_10_normalized,pauc_10_raw,peak_allocated_gpu_bytes,preparation_seconds,roc_actual_fpr_at_10pct,roc_actual_fpr_at_1pct,roc_tpr_at_10pct_fpr,roc_tpr_at_1pct_fpr,scoring_records_per_second,target_forward_calls,target_input_tokens,target_input_tokens_per_record,target_sequences,target_sequences_per_record,test_seconds,total_seconds
newstection,1,1919,loss,baseline,/home/mxd/lib/SD_MIA/artifacts/runs/audits/qwen_fixed_v1/newstection/epoch1/seed1919/baseline/loss/REPORT.json,74.00322577045881,13.512924464965524,0.59891425,0.6148246625,0.58266738125,0.081,0.09377605708245051,0.06983042853923943,0.006,0.010458448336941664,0.003435594376936234,0.1315,0.14701996299097114,0.11739290085531223,0.0185,0.025394766717736703,0.013451349814109871,13.849222810938954,0,0.0,0,0.0,newstection/epoch1/seed1919/baseline/loss,,0,0.0,200,2000,2000,0.07747749999999998,0.007747749999999998,17325619200,0.08597202610690147,0.1,0.01,0.1515,0.02,14.180489571082187,4200,2239030,559.7575,4200,1.05,282.0777082447894,296.01290308183525
newstection,1,1919,min_k_prob,baseline,/home/mxd/lib/SD_MIA/artifacts/runs/audits/qwen_fixed_v1/newstection/epoch1/seed1919/baseline/min_k_prob/REPORT.json,74.578792309243,13.408637617158947,0.62024225,0.6364943750000001,0.60588659375,0.0965,0.11022502986382192,0.0843220272921492,0.0065,0.011089529172522494,0.0038025964940741515,0.172,0.1891640140458452,0.15609356897065663,0.019,0.025970414566263898,0.013873784918301425,14.249145913403481,0,0.0,0,0.0,newstection/epoch1/seed1919/baseline/min_k_prob,,0,0.0,200,2000,2000,0.08813000000000001,0.008813000000000001,17325619200,0.10669399495236576,0.1,0.01,0.1855,0.022,14.08652432535837,4200,2239030,559.7575,4200,1.05,283.95932932861615,298.315169236972
newstection,1,1919,min_k_pp,baseline,/home/mxd/lib/SD_MIA/artifacts/runs/audits/qwen_fixed_v1/newstection/epoch1/seed1919/baseline/min_k_pp/REPORT.json,74.66188011321356,13.393715755398201,0.7406775,0.75403838125,0.7245405125,0.09,0.10334082716397261,0.07823115160665478,0.002,0.005131351785076866,0.0007780273070510575,0.2865,0.3067094413578432,0.2671091378312516,0.0155,0.021916645881830028,0.010940972933704062,14.263510877499357,0,0.0,0,0.0,newstection/epoch1/seed1919/baseline/min_k_pp,,0,0.0,200,2000,2000,0.15910750000000004,0.015910750000000005,17325619200,0.07062016450800002,0.1,0.01,0.3245,0.032,14.068982147793971,4200,2239030,559.7575,4200,1.05,284.31338941084687,298.6475204528542
newstection,1,1919,recall,baseline,/home/mxd/lib/SD_MIA/artifacts/runs/audits/qwen_fixed_v1/newstection/epoch1/seed1919/baseline/recall/REPORT.json,364.7798911939608,2.7413791827364737,0.65594125,0.67329605,0.6399030750000001,0.0845,0.09750049821690863,0.07309256807381255,0.0125,0.018388039710650523,0.008481081388571086,0.132,0.1475427676951009,0.11786817910390121,0.026,0.033935273144663027,0.019882087677964753,69.54448401916306,0,0.0,0,0.0,newstection/epoch1/seed1919/baseline/recall,,0,0.0,200,2000,2000,0.07835500000000004,0.007835500000000004,17348851712,0.08152774861082435,0.1,0.01,0.164,0.0225,2.8787467141107137,8400,13146860,3286.715,8400,2.1,1389.4935530080693,1459.1195647758432
newstection,1,1919,icp_mia,baseline,/home/mxd/lib/SD_MIA/artifacts/runs/audits/qwen_fixed_v1/newstection/epoch1/seed1919/baseline/icp_mia/REPORT.json,687.7937691872066,1.4539241918136885,0.6617925,0.67804050625,0.64516296875,0.1465,0.16267485414225555,0.13168049828559023,0.01,0.015395938459075187,0.006482767876552687,0.345,0.3661128347971279,0.3244814498600604,0.02,0.027118639188737373,0.014721726201265444,131.1852220678702,0,0.0,0,0.0,newstection/epoch1/seed1919/baseline/icp_mia,,0,0.0,200,2000,2000,0.11899250000000003,0.011899250000000004,17407547904,0.18083322956226766,0.1,0.01,0.24,0.02,1.5268288517397233,25200,24072775,6018.19375,25200,6.3,2619.809021451394,2751.1750767488265
newstection,1,1919,petal,baseline,/home/mxd/lib/SD_MIA/artifacts/runs/audits/qwen_fixed_v1/newstection/epoch1/seed1919/baseline/petal/REPORT.json,82.11072328849696,12.178677278075954,0.59572425,0.61178620625,0.57866043125,0.0855,0.09856347351850255,0.07402575867765614,0.0015,0.004401032555770693,0.0005102635836384819,0.123,0.13812120387434756,0.10932424977571716,0.0075,0.012337914136224913,0.004550377435809225,14.331249335664324,0,0.0,0,0.0,newstection/epoch1/seed1919/baseline/petal,,0,0.0,200,2000,2000,0.07245250000000002,0.007245250000000002,17325619200,28.454083006712608,0.1,0.01,0.142,0.025,14.0027800721787,4600,2450965,612.74125,4600,1.15,285.6575608116109,328.4428931539878
newstection,1,1919,sead,baseline,/home/mxd/lib/SD_MIA/artifacts/runs/audits/qwen_fixed_v1/newstection/epoch1/seed1919/baseline/sead/REPORT.json,79.09202958800597,12.643499037880884,0.599975,0.6149606625,0.5835420375,0.0885,0.10174945076676101,0.07682827914571014,0.008,0.012956077671536958,0.0049302968532159265,0.148,0.16423717031746463,0.1331124309685374,0.017,0.023661187151846397,0.012190680521843938,15.111375288455747,0,0.0,0,0.0,newstection/epoch1/seed1919/baseline/sead,,0,0.0,200,2000,2000,0.07934500000000004,0.007934500000000004,17325619200,0.0919243295211345,0.1,0.01,0.163,0.0195,13.281763842184784,4200,2239030,559.7575,4200,1.05,301.164818734047,316.3681183520239
newstection,1,1919,ws,baseline,/home/mxd/lib/SD_MIA/artifacts/runs/audits/qwen_fixed_v1/newstection/epoch1/seed1919/baseline/ws/REPORT.json,2169.198536575743,0.4609997578085138,0.50805775,0.5273433281250001,0.488797621875,0.1,0.11392441240665252,0.08760922541834984,0.0185,0.025394766717736703,0.013451349814109871,0.0985,0.11233958028310354,0.08619980868374258,0.021,0.028263010469622922,0.015573520825817387,411.72234064457007,0,0.0,0,0.0,newstection/epoch1/seed1919/baseline/ws,,2143456,535.864,200,2000,2000,0.0513375,0.00513375,17155090944,5.198137878905982,0.1,0.01,0.099,0.01,0.4842689078409745,268800,2366956,591.739,8400,2.1,8259.873667779495,8676.794146302971
newstection,1,1919,rs,baseline,/home/mxd/lib/SD_MIA/artifacts/runs/audits/qwen_fixed_v1/newstection/epoch1/seed1919/baseline/rs/REPORT.json,2168.5712307054782,0.46113311190367523,0.502150375,0.5183824906250001,0.482928790625,0.1145,0.12920022144962875,0.10127782200421726,0.016,0.02249946641817221,0.011356235350080627,0.1105,0.12499382212037552,0.0974995577117205,0.023,0.030541207128235243,0.017287655978080053,413.18015825760085,0,0.0,0,0.0,newstection/epoch1/seed1919/baseline/rs,,2146701,536.67525,200,2000,2000,0.05504375,0.005504375000000001,17144912384,5.498109840438701,0.1,0.01,0.1,0.0165,0.48451920825360456,268800,2367244,591.811,8400,2.1,8255.606654723873,8674.284922821913
newstection,1,1919,bt,baseline,/home/mxd/lib/SD_MIA/artifacts/runs/audits/qwen_fixed_v1/newstection/epoch1/seed1919/baseline/bt/REPORT.json,3262.5783013855107,0.3065060536862311,0.50928825,0.5270112187499999,0.49019810625,0.116,0.13077621765054118,0.10269607466146108,0.0,0.001917047281252934,1.0842021724855044e-19,0.118,0.13287638834089244,0.10458823578198477,0.0,0.001917047281252934,1.0842021724855044e-19,623.4113759651082,0,0.0,0,0.0,newstection/epoch1/seed1919/baseline/bt,,2966210,741.5525,200,2000,2000,0.05596125000000004,0.005596125000000004,17144912384,5.856595769291744,0.1,0.0,0.108,0.0,0.3220340901032054,403142,3510959,877.73975,12600,3.15,12421.045233807643,13050.313205542043
newstection,1,1919,samia,baseline,/home/mxd/lib/SD_MIA/artifacts/runs/audits/qwen_fixed_v1/newstection/epoch1/seed1919/baseline/samia/REPORT.json,3151.08868415124,0.3173506366322262,0.513428375,0.530642309375,0.4980020875,0.0905,0.10387105310509405,0.07869900861825209,0.0025,0.005839153316432755,0.0010683087284139143,0.0905,0.10387105310509405,0.07869900861825209,0.003,0.006529915073935308,0.0013756299236301083,599.5232557468116,0,0.0,0,0.0,newstection/epoch1/seed1919/baseline/samia,,10374992,2593.748,200,2000,2000,0.051751250000000026,0.005175125000000003,24014273024,2.8861819797893986,0.1,0.01,0.1075,0.0105,0.3332793060116529,134400,11894670,2973.6675,42000,10.5,12001.94529887836,12604.35473660496
newstection,1,1919,draft_auxiliary_distilled,main,/home/mxd/lib/SD_MIA/artifacts/runs/audits/qwen_fixed_v1/newstection/epoch1/seed1919/draft_auxiliary_distilled/fixed/main_fixed_sparse_positive/REPORT.json,453.4865582130733,2.205137025318718,0.89588575,0.90501346875,0.88549726875,0.0715,0.08363265467730036,0.0610102548427334,0.009,0.014182040701612969,0.005700499728577407,0.637,0.6577932363231195,0.6156814927218172,0.274,0.2939661587997466,0.25490034657137967,78.56333402870223,2450965,612.74125,4600,1.15,newstection/epoch1/seed1919/draft_auxiliary_distilled/fixed,1813.9462328522932,0,0.0,200,2000,2000,0.5183924999999998,0.05183924999999998,21482157568,165.75726048729848,0.1,0.01,0.703,0.3045,2.5483783536052305,4600,2450965,612.74125,4600,1.15,1569.6256383362925,1813.9462328522932
newstection,1,1919,draft_member_sft,main,/home/mxd/lib/SD_MIA/artifacts/runs/audits/qwen_fixed_v1/newstection/epoch1/seed1919/draft_member_sft/fixed/main_fixed_sparse_positive/REPORT.json,436.89782474632375,2.288864680387527,0.82625175,0.83819655625,0.8157318625000001,0.069,0.08095422495864418,0.05869826979779586,0.0065,0.011089529172522494,0.0038025964940741515,0.4385,0.460344034011449,0.416891762804145,0.0915,0.10493116087235554,0.07963506675642809,75.49650562158786,2450965,612.74125,4600,1.15,newstection/epoch1/seed1919/draft_member_sft/fixed,1747.591298985295,0,0.0,200,2000,2000,0.3393975000000002,0.03393975000000002,21482157568,161.9522934013512,0.1,0.01,0.523,0.141,2.648756657136469,4600,2450965,612.74125,4600,1.15,1510.142499962356,1747.591298985295
newstection,1,1949,loss,baseline,/home/mxd/lib/SD_MIA/artifacts/runs/audits/qwen_fixed_v1/newstection/epoch1/seed1949/baseline/loss/REPORT.json,74.52195753529668,13.41886382314043,0.60578525,0.62298298125,0.5905234625,0.1245,0.13969313216145118,0.11074657034676971,0.0195,0.026545026088593226,0.014297256348690845,0.1875,0.20519904994599153,0.1709991046047915,0.0255,0.033371362045600345,0.019447915824308683,13.855154317803681,0,0.0,0,0.0,newstection/epoch1/seed1949/baseline/loss,,0,0.0,200,2000,2000,0.07078249999999996,0.007078249999999996,17326012416,0.07001283403951675,0.1,0.01,0.1475,0.012,14.076444659972818,4200,2235665,558.91625,4200,1.05,284.1626629893435,298.0878301411867
newstection,1,1949,min_k_prob,baseline,/home/mxd/lib/SD_MIA/artifacts/runs/audits/qwen_fixed_v1/newstection/epoch1/seed1949/baseline/min_k_prob/REPORT.json,75.14704999700189,13.307242267526092,0.6280555,0.64480064375,0.6122664812499999,0.1035,0.11761886180623717,0.09090135668779638,0.0105,0.015998901907473176,0.006877887380873443,0.1835,0.2010653722029189,0.16714811872611415,0.0145,0.020746775563306317,0.01011467734679028,14.26474408491049,0,0.0,0,0.0,newstection/epoch1/seed1949/baseline/min_k_prob,,0,0.0,200,2000,2000,0.08025249999999999,0.00802525,17326012416,0.07129674113821238,0.1,0.01,0.181,0.0145,13.973693724129559,4200,2235665,558.91625,4200,1.05,286.25215916195884,300.58819998800755
newstection,1,1949,min_k_pp,baseline,/home/mxd/lib/SD_MIA/artifacts/runs/audits/qwen_fixed_v1/newstection/epoch1/seed1949/baseline/min_k_pp/REPORT.json,75.27819667803124,13.284058919172201,0.73122375,0.7464858375,0.7165586625,0.096,0.10969613024508282,0.08385284395816955,0.0195,0.026545026088593226,0.014297256348690845,0.279,0.2990657347577941,0.25978160014051965,0.0455,0.05553732462845745,0.03720527135020145,14.296112544252537,0,0.0,0,0.0,newstection/epoch1/seed1949/baseline/min_k_pp,,0,0.0,200,2000,2000,0.14041749999999992,0.014041749999999992,17326012416,0.07223909336607903,0.1,0.01,0.2925,0.023,13.949704024633151,4200,2235665,558.91625,4200,1.05,286.7444350745063,301.11278671212494
newstection,1,1949,recall,baseline,/home/mxd/lib/SD_MIA/artifacts/runs/audits/qwen_fixed_v1/newstection/epoch1/seed1949/baseline/recall/REPORT.json,379.87230810325127,2.6324635375321823,0.6501055,0.66817751875,0.6343793125,0.099,0.11286795942594038,0.08666951249362448,0.0125,0.018388039710650523,0.008481081388571086,0.1205,0.1354997819178977,0.10695525696857326,0.024,0.03167547230845831,0.018149556703294482,72.27961815905292,0,0.0,0,0.0,newstection/epoch1/seed1949/baseline/recall,,0,0.0,200,2000,2000,0.07428250000000004,0.007428250000000004,17386995712,0.07708365411963314,0.1,0.01,0.122,0.0225,2.764086851355633,8400,13660930,3415.2325,8400,2.1,1447.1325305998325,1519.489232413005
newstection,1,1949,icp_mia,baseline,/home/mxd/lib/SD_MIA/artifacts/runs/audits/qwen_fixed_v1/newstection/epoch1/seed1949/baseline/icp_mia/REPORT.json,694.621333710762,1.4396332958244509,0.6439105,0.66285273125,0.62705509375,0.0785,0.09111175553010317,0.06750431532799306,0.0095,0.014790383154299275,0.006090240228609851,0.1495,0.1657989390495471,0.13454491109461117,0.016,0.02249946641817221,0.011356235350080627,132.09546779212542,0,0.0,0,0.0,newstection/epoch1/seed1949/baseline/icp_mia,,0,0.0,200,2000,2000,0.09612499999999999,0.0096125,17408989696,0.18968081881757826,0.1,0.01,0.213,0.0165,1.5116014354513199,25200,24081412,6020.353,25200,6.3,2646.200186232105,2778.485334843048
newstection,1,1949,petal,baseline,/home/mxd/lib/SD_MIA/artifacts/runs/audits/qwen_fixed_v1/newstection/epoch1/seed1949/baseline/petal/REPORT.json,82.95589881076012,12.054597856642005,0.595227,0.6114601187500001,0.57915560625,0.1275,0.14283495738755053,0.11359324283698286,0.026,0.033935273144663027,0.019882087677964753,0.1825,0.20003148564715845,0.1661858393764371,0.0345,0.04343307687112489,0.027351694147721588,14.381374613265507,0,0.0,0,0.0,newstection/epoch1/seed1949/baseline/petal,,0,0.0,200,2000,2000,0.066165,0.006616500000000001,17326012416,29.101811069762334,0.1,0.01,0.142,0.0145,13.872491913650679,4600,2449969,612.49225,4600,1.15,288.34040956001263,331.8235952430405
newstection,1,1949,sead,baseline,/home/mxd/lib/SD_MIA/artifacts/runs/audits/qwen_fixed_v1/newstection/epoch1/seed1949/baseline/sead/REPORT.json,79.74362427255255,12.540187496145647,0.606506,0.62317703125,0.592066875,0.113,0.12762346700907756,0.09986032758661222,0.0105,0.015998901907473176,0.006877887380873443,0.179,0.19641138463030872,0.1628193597242556,0.016,0.02249946641817221,0.011356235350080627,15.17642506514676,0,0.0,0,0.0,newstection/epoch1/seed1949/baseline/sead,,0,0.0,200,2000,2000,0.076365,0.007636500000000001,17326012416,0.08198474103119224,0.1,0.01,0.1665,0.0155,13.17019468994818,4200,2235665,558.91625,4200,1.05,303.71608728403226,318.9744970902102
newstection,1,1949,ws,baseline,/home/mxd/lib/SD_MIA/artifacts/runs/audits/qwen_fixed_v1/newstection/epoch1/seed1949/baseline/ws/REPORT.json,2070.557329758274,0.48296175412672315,0.478792,0.4967536625,0.46357162812499997,0.0825,0.09537302582716399,0.0712277086526822,0.0105,0.015998901907473176,0.006877887380873443,0.084,0.09696882187448214,0.0726261614635203,0.008,0.012956077671536958,0.0049302968532159265,393.68619527912233,0,0.0,0,0.0,newstection/epoch1/seed1949/baseline/ws,,2137816,534.454,200,2000,2000,0.04881250000000002,0.004881250000000003,17149372928,5.216877692611888,0.1,0.01,0.097,0.008,0.5074000333296449,268800,2363132,590.783,8400,2.1,7883.326246061362,8282.229319033097
newstection,1,1949,rs,baseline,/home/mxd/lib/SD_MIA/artifacts/runs/audits/qwen_fixed_v1/newstection/epoch1/seed1949/baseline/rs/REPORT.json,2080.5143964824965,0.48065036304996944,0.506792375,0.526371128125,0.490345490625,0.083,0.09590508671956302,0.07169373071300192,0.0,0.001917047281252934,1.0842021724855044e-19,0.084,0.09696882187448214,0.0726261614635203,0.0,0.001917047281252934,1.0842021724855044e-19,398.75893799122423,0,0.0,0,0.0,newstection/epoch1/seed1949/baseline/rs,,2139301,534.82525,200,2000,2000,0.051432500000000006,0.005143250000000001,17145489920,5.575091632432304,0.1,0.01,0.0975,0.0105,0.5051957133327886,268800,2363771,590.94275,8400,2.1,7917.72355630633,8322.057585929986
newstection,1,1949,bt,baseline,/home/mxd/lib/SD_MIA/artifacts/runs/audits/qwen_fixed_v1/newstection/epoch1/seed1949/baseline/bt/REPORT.json,3112.550524615799,0.32127992528681476,0.518742875,0.5346010906249999,0.49944250625000003,0.1335,0.14911076202970336,0.119294433627455,0.0,0.001917047281252934,1.0842021724855044e-19,0.1525,0.16892086108237392,0.13741148677809684,0.0,0.001917047281252934,1.0842021724855044e-19,590.681570925517,0,0.0,0,0.0,newstection/epoch1/seed1949/baseline/bt,,2964882,741.2205,200,2000,2000,0.053622500000000024,0.005362250000000002,17145489920,5.9317884258925915,0.1,0.0,0.118,0.0,0.3374505466687659,403197,3506221,876.55525,12600,3.15,11853.588739111787,12450.202098463196
newstection,1,1949,samia,baseline,/home/mxd/lib/SD_MIA/artifacts/runs/audits/qwen_fixed_v1/newstection/epoch1/seed1949/baseline/samia/REPORT.json,3170.1117622274905,0.3154462918043452,0.523528375,0.54067481875,0.505006771875,0.1125,0.12709771144177662,0.09938800020119438,0.0055,0.009822062751615332,0.003073897009543817,0.122,0.13707286833809232,0.10837641940653489,0.006,0.010458448336941664,0.003435594376936234,602.9046557877446,0,0.0,0,0.0,newstection/epoch1/seed1949/baseline/samia,,10108567,2527.14175,200,2000,2000,0.050511250000000014,0.005051125000000002,24014666240,2.977972677676007,0.1,0.01,0.11,0.01,0.33127488998503635,134400,11877230,2969.3075,42000,10.5,12074.564420444542,12680.447048909962
newstection,1,1949,draft_auxiliary_distilled,main,/home/mxd/lib/SD_MIA/artifacts/runs/audits/qwen_fixed_v1/newstection/epoch1/seed1949/draft_auxiliary_distilled/fixed/main_fixed_sparse_positive/REPORT.json,434.22319017830887,2.302963136513647,0.894527,0.90437731875,0.88599905,0.0795,0.0921778860524085,0.06843435071112523,0.007,0.011715862563394297,0.0041743460559210965,0.63,0.6508914042309891,0.608610163475885,0.242,0.2612535990371456,0.22373559735998083,75.11888530931901,2449969,612.49225,4600,1.15,newstection/epoch1/seed1949/draft_auxiliary_distilled/fixed,1736.8927607132355,0,0.0,200,2000,2000,0.5011174999999999,0.05011174999999999,21482550784,160.42815840500407,0.1,0.01,0.687,0.2645,2.66427642528313,4600,2449969,612.49225,4600,1.15,1501.3457169989124,1736.8927607132355
newstection,1,1949,draft_member_sft,main,/home/mxd/lib/SD_MIA/artifacts/runs/audits/qwen_fixed_v1/newstection/epoch1/seed1949/draft_member_sft/fixed/main_fixed_sparse_positive/REPORT.json,430.0113945379853,2.3255197715735516,0.82377275,0.83575441875,0.8116644062499999,0.083,0.09590508671956302,0.07169373071300192,0.011,0.016599446829747115,0.007275425411318251,0.483,0.504912006060717,0.46115317354684554,0.145,0.16111198358572404,0.1302491199839655,73.9772781683132,2449969,612.49225,4600,1.15,newstection/epoch1/seed1949/draft_member_sft/fixed,1720.0455781519413,0,0.0,200,2000,2000,0.34220249999999997,0.03422025,21482550784,160.09223912691232,0.1,0.01,0.5245,0.14,2.69183340523929,4600,2449969,612.49225,4600,1.15,1485.9760608567158,1720.0455781519413
newstection,1,1978,loss,baseline,/home/mxd/lib/SD_MIA/artifacts/runs/audits/qwen_fixed_v1/newstection/epoch1/seed1978/baseline/loss/REPORT.json,76.55410231251153,13.062657255358687,0.597397,0.61471655,0.58329623125,0.0965,0.11022502986382192,0.0843220272921492,0.001,0.003638934269038394,0.0002742789176520342,0.1465,0.16267485414225555,0.13168049828559023,0.0085,0.013570689737786079,0.005313767739685552,14.247780275763944,0,0.0,0,0.0,newstection/epoch1/seed1978/baseline/loss,,0,0.0,200,2000,2000,0.06962499999999995,0.006962499999999996,17326028800,0.06929876317735761,0.1,0.01,0.1525,0.0215,13.703354499330834,4200,2235926,558.9815,4200,1.05,291.8993302111048,306.2164092500461
newstection,1,1978,min_k_prob,baseline,/home/mxd/lib/SD_MIA/artifacts/runs/audits/qwen_fixed_v1/newstection/epoch1/seed1978/baseline/min_k_prob/REPORT.json,77.12439859122969,12.966065450962445,0.62453625,0.6413828625,0.6102375375,0.1055,0.11972784613642784,0.0927847041684807,0.0055,0.009822062751615332,0.003073897009543817,0.173,0.19019995031205883,0.1570537986098805,0.0105,0.015998901907473176,0.006877887380873443,14.623716138186865,0,0.0,0,0.0,newstection/epoch1/seed1978/baseline/min_k_prob,,0,0.0,200,2000,2000,0.07251500000000001,0.007251500000000001,17326028800,0.07314554019831121,0.1,0.01,0.168,0.0185,13.614669927551684,4200,2235926,558.9815,4200,1.05,293.8007326865336,308.49759436491877
newstection,1,1978,min_k_pp,baseline,/home/mxd/lib/SD_MIA/artifacts/runs/audits/qwen_fixed_v1/newstection/epoch1/seed1978/baseline/min_k_pp/REPORT.json,77.17686130176298,12.95725147580155,0.726541,0.7393864687499999,0.71352856875,0.1395,0.155376598152048,0.12500559293773536,0.004,0.007873464296037741,0.0020282466069651696,0.373,0.3944189470517098,0.3520679829577283,0.0255,0.033371362045600345,0.019447915824308683,14.640759290894493,0,0.0,0,0.0,newstection/epoch1/seed1978/baseline/min_k_pp,,0,0.0,200,2000,2000,0.13812750000000004,0.013812750000000006,17326028800,0.07122815155889839,0.1,0.01,0.282,0.0315,13.605652381210565,4200,2235926,558.9815,4200,1.05,293.99545776459854,308.70744520705193
newstection,1,1978,recall,baseline,/home/mxd/lib/SD_MIA/artifacts/runs/audits/qwen_fixed_v1/newstection/epoch1/seed1978/baseline/recall/REPORT.json,390.5104598235339,2.5607508706729285,0.65838575,0.67672025625,0.6428689187500001,0.124,0.13916923220424876,0.11027238735125346,0.013,0.01898030851720305,0.008886895534737305,0.169,0.18605498258045802,0.15321410271973138,0.026,0.033935273144663027,0.019882087677964753,74.23599346494302,0,0.0,0,0.0,newstection/epoch1/seed1978/baseline/recall,,0,0.0,200,2000,2000,0.07214000000000001,0.007214000000000002,17384913920,0.08205125259701163,0.1,0.01,0.1345,0.02,2.6886711193178137,8400,13636252,3409.063,8400,2.1,1487.7237945765955,1562.0418392941356
newstection,1,1978,icp_mia,baseline,/home/mxd/lib/SD_MIA/artifacts/runs/audits/qwen_fixed_v1/newstection/epoch1/seed1978/baseline/icp_mia/REPORT.json,712.4906811302644,1.4035271288231352,0.65012825,0.66572281875,0.6360478562499999,0.1115,0.1260459412042156,0.0984436045333179,0.0015,0.004401032555770693,0.0005102635836384819,0.2605,0.2801817838363685,0.24173648181135166,0.015,0.021332437825708653,0.010527098037106688,135.50367503345478,0,0.0,0,0.0,newstection/epoch1/seed1978/baseline/icp_mia,,0,0.0,200,2000,2000,0.12582000000000002,0.012582000000000003,17408981504,0.18151942756958306,0.1,0.01,0.2365,0.034,1.4736886540528262,25200,24038592,6009.648,25200,6.3,2714.2775300600333,2849.9627245210577
newstection,1,1978,petal,baseline,/home/mxd/lib/SD_MIA/artifacts/runs/audits/qwen_fixed_v1/newstection/epoch1/seed1978/baseline/petal/REPORT.json,84.84047586825909,11.78682686260279,0.58322125,0.60127395625,0.56696876875,0.108,0.12236197087545578,0.0951409941930465,0.003,0.006529915073935308,0.0013756299236301083,0.151,0.16736016710457682,0.13597793189773769,0.013,0.01898030851720305,0.008886895534737305,14.681351706385612,0,0.0,0,0.0,newstection/epoch1/seed1978/baseline/petal,,0,0.0,200,2000,2000,0.06876250000000003,0.006876250000000004,17326028800,29.58114275801927,0.1,0.01,0.135,0.022,13.554754356973323,4600,2448610,612.1525,4600,1.15,295.0994090086315,339.36190347303636
newstection,1,1978,sead,baseline,/home/mxd/lib/SD_MIA/artifacts/runs/audits/qwen_fixed_v1/newstection/epoch1/seed1978/baseline/sead/REPORT.json,81.76777685902198,12.229756493491646,0.60429675,0.61933263125,0.5887116625,0.0945,0.10810879085960753,0.08244593448548859,0.0105,0.015998901907473176,0.006877887380873443,0.1515,0.16788045745118702,0.13645572450384624,0.013,0.01898030851720305,0.008886895534737305,15.494304263498634,0,0.0,0,0.0,newstection/epoch1/seed1978/baseline/sead,,0,0.0,200,2000,2000,0.07196250000000003,0.007196250000000003,17326028800,0.06851934688165784,0.1,0.01,0.165,0.013,12.840750014333631,4200,2235926,558.9815,4200,1.05,311.5082838257076,327.0711074360879
newstection,1,1978,ws,baseline,/home/mxd/lib/SD_MIA/artifacts/runs/audits/qwen_fixed_v1/newstection/epoch1/seed1978/baseline/ws/REPORT.json,2101.7803727340365,0.47578710552862424,0.4920265,0.508781659375,0.47627891562499997,0.1205,0.1354997819178977,0.10695525696857326,0.039,0.04840608504391829,0.03136143254939691,0.1075,0.12183533002292098,0.09466955209286256,0.0385,0.047855107023991705,0.03091432761660475,399.61856320127845,0,0.0,0,0.0,newstection/epoch1/seed1978/baseline/ws,,2140345,535.08625,200,2000,2000,0.049314999999999984,0.004931499999999998,17149389312,5.155395130277611,0.1,0.01,0.0895,0.011,0.49985332225356227,268800,2364757,591.18925,8400,2.1,8002.347532604588,8407.121490936144
newstection,1,1978,rs,baseline,/home/mxd/lib/SD_MIA/artifacts/runs/audits/qwen_fixed_v1/newstection/epoch1/seed1978/baseline/rs/REPORT.json,2121.2293197964605,0.4714247491619404,0.490829875,0.506502121875,0.472922446875,0.086,0.09909477446848819,0.07449254068038921,0.011,0.016599446829747115,0.007275425411318251,0.0945,0.10810879085960753,0.08244593448548859,0.01,0.015395938459075187,0.006482767876552687,403.0197840228211,0,0.0,0,0.0,newstection/epoch1/seed1978/baseline/rs,,2143114,535.7785,200,2000,2000,0.05583750000000004,0.0055837500000000045,17144211968,5.4515185109339654,0.1,0.01,0.1025,0.01,0.4952673504612621,268800,2364118,591.0295,8400,2.1,8076.445976652089,8484.917279185844
newstection,1,1978,bt,baseline,/home/mxd/lib/SD_MIA/artifacts/runs/audits/qwen_fixed_v1/newstection/epoch1/seed1978/baseline/bt/REPORT.json,3170.302920204529,0.31542727151621397,0.49531575,0.511672675,0.47717238437500004,0.126,0.14126437988225385,0.1121695714841233,0.0505,0.06098795224416838,0.04173547326167801,0.1075,0.12183533002292098,0.09466955209286256,0.039,0.04840608504391829,0.03136143254939691,604.48580413952,0,0.0,0,0.0,newstection/epoch1/seed1978/baseline/bt,,3050543,762.63575,200,2000,2000,0.04181625000000001,0.004181625000000001,17144211968,5.820737359346822,0.1,0.0,0.086,0.0,0.3313753155900937,403198,3506673,876.66825,12600,3.15,12070.90513931925,12681.211680818116
newstection,1,1978,samia,baseline,/home/mxd/lib/SD_MIA/artifacts/runs/audits/qwen_fixed_v1/newstection/epoch1/seed1978/baseline/samia/REPORT.json,3160.1303451785066,0.31644264342631506,0.516736375,0.53216919375,0.49902786250000003,0.1,0.11392441240665252,0.08760922541834984,0.003,0.006529915073935308,0.0013756299236301083,0.1055,0.11972784613642784,0.0927847041684807,0.003,0.006529915073935308,0.0013756299236301083,601.0784348651068,0,0.0,0,0.0,newstection/epoch1/seed1978/baseline/samia,,10088969,2522.24225,200,2000,2000,0.05184249999999998,0.005184249999999998,24001571840,2.8162712970515713,0.1,0.01,0.1055,0.0075,0.33231902161233423,134400,11878810,2969.7025,42000,10.5,12036.626674551866,12640.521380714024
newstection,1,1978,draft_auxiliary_distilled,main,/home/mxd/lib/SD_MIA/artifacts/runs/audits/qwen_fixed_v1/newstection/epoch1/seed1978/draft_auxiliary_distilled/fixed/main_fixed_sparse_positive/REPORT.json,448.17707464442356,2.231260938086545,0.89315075,0.9035228875,0.8812443625,0.083,0.09590508671956302,0.07169373071300192,0.015,0.021332437825708653,0.010527098037106688,0.6535,0.6740426827775932,0.6323687837070622,0.346,0.3671251145022801,0.3254653360603457,76.74393081804737,2448610,612.1525,4600,1.15,newstection/epoch1/seed1978/draft_auxiliary_distilled/fixed,1792.7082985776942,0,0.0,200,2000,2000,0.5144924999999997,0.051449249999999974,21479679488,165.89996523654554,0.1,0.01,0.7025,0.2705,2.5805379399004593,4600,2448610,612.1525,4600,1.15,1550.0644025231013,1792.7082985776942
newstection,1,1978,draft_member_sft,main,/home/mxd/lib/SD_MIA/artifacts/runs/audits/qwen_fixed_v1/newstection/epoch1/seed1978/draft_member_sft/fixed/main_fixed_sparse_positive/REPORT.json,425.78556497523095,2.348600051902118,0.8189515,0.8307540375,0.8043356875,0.113,0.12762346700907756,0.09986032758661222,0.0225,0.02997290466959618,0.01685787548400037,0.5435,0.5652258092939848,0.5216074075925461,0.228,0.24689813108597303,0.21014474263502853,73.04979406995699,2448610,612.1525,4600,1.15,newstection/epoch1/seed1978/draft_member_sft/fixed,1703.1422599009238,0,0.0,200,2000,2000,0.33610749999999995,0.033610749999999995,21479679488,155.82069036061876,0.1,0.01,0.519,0.1155,2.713203946893611,4600,2448610,612.1525,4600,1.15,1474.271775470348,1703.1422599009238
newstection,3,1919,loss,baseline,/home/mxd/lib/SD_MIA/artifacts/runs/audits/qwen_fixed_v1/newstection/epoch3/seed1919/baseline/loss/REPORT.json,74.05808580151643,13.502914491742423,0.838166,0.85131544375,0.8266659125,0.08,0.09271074519851809,0.06889957451773436,0.01,0.015395938459075187,0.006482767876552687,0.4185,0.4402560709209341,0.39705640778591,0.059,0.070196614851898,0.04949422085016707,13.859540352830663,0,0.0,0,0.0,newstection/epoch3/seed1919/baseline/loss,,0,0.0,200,2000,2000,0.23653500000000013,0.023653500000000015,17325619200,0.06911579240113497,0.1,0.01,0.501,0.0595,14.169138354675601,4200,2239030,559.7575,4200,1.05,282.3036870608339,296.2323432060657
newstection,3,1919,min_k_prob,baseline,/home/mxd/lib/SD_MIA/artifacts/runs/audits/qwen_fixed_v1/newstection/epoch3/seed1919/baseline/min_k_prob/REPORT.json,74.64062263752567,13.397530254487036,0.8800535,0.8909192375,0.8701266875,0.074,0.08630712274852781,0.06332620153509969,0.005,0.009179695949941846,0.0027181808584985597,0.529,0.5507996721402318,0.5070891391174556,0.059,0.070196614851898,0.04949422085016707,14.240733782644384,0,0.0,0,0.0,newstection/epoch3/seed1919/baseline/min_k_prob,,0,0.0,200,2000,2000,0.3377375,0.033773750000000005,17325619200,0.0708210482262075,0.1,0.01,0.6555,0.0715,14.072073289324145,4200,2239030,559.7575,4200,1.05,284.2509357192321,298.56249055010267
newstection,3,1919,min_k_pp,baseline,/home/mxd/lib/SD_MIA/artifacts/runs/audits/qwen_fixed_v1/newstection/epoch3/seed1919/baseline/min_k_pp/REPORT.json,74.74608008071664,13.378628001898187,0.98345425,0.98664176875,0.9798683625000001,0.1015,0.11550833868916041,0.0890195479939982,0.002,0.005131351785076866,0.0007780273070510575,0.985,0.9894729019628932,0.9786675621742913,0.2335,0.25254113381131243,0.21548065238959535,14.271341314539313,0,0.0,0,0.0,newstection/epoch3/seed1919/baseline/min_k_pp,,0,0.0,200,2000,2000,0.8504749999999995,0.08504749999999996,17325619200,0.07038161472883075,0.1,0.01,0.9845,0.599,14.052710439783107,4200,2239030,559.7575,4200,1.05,284.6425973935984,298.98432032286655
newstection,3,1919,recall,baseline,/home/mxd/lib/SD_MIA/artifacts/runs/audits/qwen_fixed_v1/newstection/epoch3/seed1919/baseline/recall/REPORT.json,365.24158074124716,2.737913897893359,0.9123715,0.92233563125,0.9037727937500001,0.0945,0.10810879085960753,0.08244593448548859,0.0095,0.014790383154299275,0.006090240228609851,0.668,0.6882997401250335,0.6470561319884656,0.099,0.11286795942594038,0.08666951249362448,69.64400697255041,0,0.0,0,0.0,newstection/epoch3/seed1919/baseline/recall,,0,0.0,200,2000,2000,0.3609874999999999,0.03609874999999999,17348851712,0.08336932794190943,0.1,0.01,0.6865,0.111,2.875135151722157,8400,13146860,3286.715,8400,2.1,1391.2389466644963,1460.9663229649886
newstection,3,1919,icp_mia,baseline,/home/mxd/lib/SD_MIA/artifacts/runs/audits/qwen_fixed_v1/newstection/epoch3/seed1919/baseline/icp_mia/REPORT.json,688.3311141827435,1.452789187348158,0.92051825,0.9289673125,0.91063063125,0.111,0.12551992552405733,0.09797153726075743,0.0115,0.01719772790757136,0.007675227286212753,0.8575,0.8721352591481961,0.8414940520457082,0.1615,0.17827415933370488,0.1460236816757033,131.3372023757547,0,0.0,0,0.0,newstection/epoch3/seed1919/baseline/icp_mia,,0,0.0,200,2000,2000,0.5270525000000001,0.052705250000000016,17407547904,0.1780359676340595,0.1,0.01,0.835,0.1445,1.5256640231282745,25200,24072680,6018.17,25200,6.3,2621.809218387585,2753.324456730974
newstection,3,1919,petal,baseline,/home/mxd/lib/SD_MIA/artifacts/runs/audits/qwen_fixed_v1/newstection/epoch3/seed1919/baseline/petal/REPORT.json,82.12858433680958,12.17602870029997,0.819115,0.83064904375,0.8075453625000001,0.0845,0.09750049821690863,0.07309256807381255,0.0035,0.007207196253241745,0.0016964316970424177,0.3515,0.37269084467890384,0.3308785183636282,0.0485,0.05881100025209431,0.03992009344287708,14.335963749093935,0,0.0,0,0.0,newstection/epoch3/seed1919/baseline/petal,,0,0.0,200,2000,2000,0.20314,0.020314,17325619200,28.46437851979863,0.1,0.01,0.424,0.0645,14.000014241175544,4600,2450965,612.74125,4600,1.15,285.71399507834576,328.5143373472383
newstection,3,1919,sead,baseline,/home/mxd/lib/SD_MIA/artifacts/runs/audits/qwen_fixed_v1/newstection/epoch3/seed1919/baseline/sead/REPORT.json,79.13729714800138,12.636266792506383,0.84703875,0.8596032625,0.8352255437499999,0.0795,0.0921778860524085,0.06843435071112523,0.0045,0.008530513218759823,0.0023692806369618345,0.449,0.4708758579223333,0.4273196809003545,0.0455,0.05553732462845745,0.03720527135020145,15.117618381045759,0,0.0,0,0.0,newstection/epoch3/seed1919/baseline/sead,,0,0.0,200,2000,2000,0.2640424999999999,0.02640424999999999,17325619200,0.06647120951674879,0.1,0.01,0.538,0.057,13.272937089443284,4200,2239030,559.7575,4200,1.05,301.365099001443,316.5491885920055
newstection,3,1919,ws,baseline,/home/mxd/lib/SD_MIA/artifacts/runs/audits/qwen_fixed_v1/newstection/epoch3/seed1919/baseline/ws/REPORT.json,2080.3073396252294,0.48069820307423977,0.507771875,0.52380660625,0.48813948125,0.0995,0.1133962365738278,0.08713931829845581,0.0065,0.011089529172522494,0.0038025964940741515,0.106,0.12025485631616652,0.09325577694146077,0.005,0.009179695949941846,0.0027181808584985597,394.03531226771884,0,0.0,0,0.0,newstection/epoch3/seed1919/baseline/ws,,2134023,533.50575,200,2000,2000,0.0521575,0.005215750000000001,17155090944,5.095794210792519,0.1,0.01,0.1065,0.011,0.5049167370499165,268800,2366956,591.739,8400,2.1,7922.098252022406,8321.229358500917
newstection,3,1919,rs,baseline,/home/mxd/lib/SD_MIA/artifacts/runs/audits/qwen_fixed_v1/newstection/epoch3/seed1919/baseline/rs/REPORT.json,2115.708575207449,0.4726548881629164,0.528556125,0.5475578625,0.51154334375,0.096,0.10969613024508282,0.08385284395816955,0.0065,0.011089529172522494,0.0038025964940741515,0.109,0.12341498034811699,0.09608415062582279,0.004,0.007873464296037741,0.0020282466069651696,403.9520231971983,0,0.0,0,0.0,newstection/epoch3/seed1919/baseline/rs,,2137840,534.46,200,2000,2000,0.06064374999999999,0.0060643749999999995,17144912384,5.597635891404934,0.1,0.01,0.1115,0.0115,0.4966917447903796,268800,2367244,591.811,8400,2.1,8053.284641741193,8462.834300829796
newstection,3,1919,bt,baseline,/home/mxd/lib/SD_MIA/artifacts/runs/audits/qwen_fixed_v1/newstection/epoch3/seed1919/baseline/bt/REPORT.json,3305.7989644012414,0.3024987335190613,0.51592225,0.534601153125,0.501101853125,0.1,0.11392441240665252,0.08760922541834984,0.0,0.001917047281252934,1.0842021724855044e-19,0.111,0.12551992552405733,0.09797153726075743,0.0,0.001917047281252934,1.0842021724855044e-19,629.2877013457473,0,0.0,0,0.0,newstection/epoch3/seed1919/baseline/bt,,2948617,737.15425,200,2000,2000,0.05916250000000003,0.005916250000000003,17144912384,5.7440598495304585,0.1,0.01,0.111,0.0155,0.31775880655550504,403150,3511039,877.75975,12600,3.15,12588.164096409688,13223.195857604966
newstection,3,1919,samia,baseline,/home/mxd/lib/SD_MIA/artifacts/runs/audits/qwen_fixed_v1/newstection/epoch3/seed1919/baseline/samia/REPORT.json,3152.1673808817573,0.31724203672213286,0.56068825,0.5784039375000001,0.5448175875,0.096,0.10969613024508282,0.08385284395816955,0.0025,0.005839153316432755,0.0010683087284139143,0.1345,0.15015574508427282,0.12024561647832303,0.003,0.006529915073935308,0.0013756299236301083,599.6707878169836,0,0.0,0,0.0,newstection/epoch3/seed1919/baseline/samia,,10351420,2587.855,200,2000,2000,0.06746624999999999,0.006746624999999999,24014273024,2.8763146894052625,0.1,0.01,0.141,0.0155,0.33316335280712217,134400,11894670,2973.6675,42000,10.5,12006.122421020642,12608.66952352703
newstection,3,1919,draft_auxiliary_distilled,main,/home/mxd/lib/SD_MIA/artifacts/runs/audits/qwen_fixed_v1/newstection/epoch3/seed1919/draft_auxiliary_distilled/fixed/main_fixed_sparse_positive/REPORT.json,427.61181182868313,2.338569638017007,0.99926075,0.99962126875,0.99873785,0.077,0.08951151115448341,0.06611031084545657,0.0055,0.009822062751615332,0.003073897009543817,0.9995,0.9999117322692944,0.9971731374967338,0.973,0.9792476037585119,0.9649388695134226,74.10818654939067,2450965,612.74125,4600,1.15,newstection/epoch3/seed1919/draft_auxiliary_distilled/fixed,1710.4472473147325,0,0.0,200,2000,2000,0.9927025000000045,0.09927025000000045,21482157568,155.53215087600984,0.1,0.01,0.9995,0.9905,2.701229966774628,4600,2450965,612.74125,4600,1.15,1480.806909889332,1710.4472473147325
newstection,3,1919,draft_member_sft,main,/home/mxd/lib/SD_MIA/artifacts/runs/audits/qwen_fixed_v1/newstection/epoch3/seed1919/draft_member_sft/fixed/main_fixed_sparse_positive/REPORT.json,432.93946902814787,2.309791718100399,0.99796025,0.9987126500000001,0.9970391749999999,0.073,0.08523779888478729,0.06239935949340271,0.0065,0.011089529172522494,0.0038025964940741515,0.9975,0.9989316912715861,0.9941608466835673,0.904,0.9161471560418305,0.8903038697549172,75.28072064672597,2450965,612.74125,4600,1.15,newstection/epoch3/seed1919/draft_member_sft/fixed,1731.7578761125915,0,0.0,200,2000,2000,0.9806549999999994,0.09806549999999994,21482157568,158.4347555108834,0.1,0.01,0.998,0.974,2.6701513923238784,4600,2450965,612.74125,4600,1.15,1498.042399954982,1731.7578761125915
newstection,3,1949,loss,baseline,/home/mxd/lib/SD_MIA/artifacts/runs/audits/qwen_fixed_v1/newstection/epoch3/seed1949/baseline/loss/REPORT.json,75.85775721800746,13.182567435075914,0.8359395,0.84646713125,0.82270759375,0.1185,0.1334012273424777,0.10506147973311827,0.012,0.017793883870480226,0.008077154276022635,0.536,0.5577663266874318,0.5140956459083181,0.0605,0.0718150952495814,0.05086998931063991,14.082619806518778,0,0.0,0,0.0,newstection/epoch3/seed1949/baseline/loss,,0,0.0,200,2000,2000,0.22003750000000008,0.02200375000000001,17326012416,0.06674111273605376,0.1,0.01,0.486,0.056,13.827353901502658,4200,2235665,558.91625,4200,1.05,289.281667952775,303.43102887202986
newstection,3,1949,min_k_prob,baseline,/home/mxd/lib/SD_MIA/artifacts/runs/audits/qwen_fixed_v1/newstection/epoch3/seed1949/baseline/min_k_prob/REPORT.json,76.47296643353184,13.07651640359959,0.881193,0.89056979375,0.8694408625000001,0.1035,0.11761886180623717,0.09090135668779638,0.008,0.012956077671536958,0.0049302968532159265,0.643,0.6637052633734896,0.6217464611040721,0.0605,0.0718150952495814,0.05086998931063991,14.512422832194716,0,0.0,0,0.0,newstection/epoch3/seed1949/baseline/min_k_prob,,0,0.0,200,2000,2000,0.3094600000000001,0.030946000000000015,17326012416,0.07041353511158377,0.1,0.01,0.63,0.066,13.73112261124984,4200,2235665,558.91625,4200,1.05,291.30902936682105,305.89186573412735
newstection,3,1949,min_k_pp,baseline,/home/mxd/lib/SD_MIA/artifacts/runs/audits/qwen_fixed_v1/newstection/epoch3/seed1949/baseline/min_k_pp/REPORT.json,76.57226380502107,13.059559040155047,0.9835065,0.98779240625,0.9792710750000001,0.084,0.09696882187448214,0.0726261614635203,0.0155,0.021916645881830028,0.010940972933704062,0.98,0.9852782737987344,0.9728813608112625,0.6715,0.6917378313250164,0.6506046214575139,14.604687295504846,0,0.0,0,0.0,newstection/epoch3/seed1949/baseline/min_k_pp,,0,0.0,200,2000,2000,0.8531999999999998,0.08532,17326012416,0.06900027266237885,0.1,0.01,0.983,0.5205,13.716698239218136,4200,2235665,558.91625,4200,1.05,291.61536765191704,306.28905522008426
newstection,3,1949,recall,baseline,/home/mxd/lib/SD_MIA/artifacts/runs/audits/qwen_fixed_v1/newstection/epoch3/seed1949/baseline/recall/REPORT.json,382.12061519775307,2.6169747462656137,0.9244975,0.932347875,0.91498078125,0.1025,0.11656379506401297,0.0899602575245831,0.022,0.0294037890865601,0.0164289081143177,0.735,0.7538781213611855,0.7152208664166256,0.2725,0.29243568850329554,0.25343656800967457,70.51032677444164,0,0.0,0,0.0,newstection/epoch3/seed1949/baseline/recall,,0,0.0,200,2000,2000,0.4348974999999998,0.04348974999999999,17386995712,0.06897554302122444,0.1,0.01,0.729,0.1665,2.743666461487107,8400,13660930,3415.2325,8400,2.1,1457.9031584735494,1528.4824607910123
newstection,3,1949,icp_mia,baseline,/home/mxd/lib/SD_MIA/artifacts/runs/audits/qwen_fixed_v1/newstection/epoch3/seed1949/baseline/icp_mia/REPORT.json,701.1119044084626,1.426305834649482,0.9147685,0.9256438124999999,0.9045285,0.1005,0.11445248759594692,0.08807923318177419,0.0165,0.023080961113718216,0.01177282360725337,0.792,0.8092199874374513,0.773660456950297,0.23,0.24895064337602757,0.21208456215584898,133.43740895204246,0,0.0,0,0.0,newstection/epoch3/seed1949/baseline/icp_mia,,0,0.0,200,2000,2000,0.4987525,0.04987525,17408989696,0.1674204778391868,0.1,0.01,0.7915,0.1675,1.49765460463131,25200,24081437,6020.35925,25200,6.3,2670.8427882039687,2804.4476176338503
newstection,3,1949,petal,baseline,/home/mxd/lib/SD_MIA/artifacts/runs/audits/qwen_fixed_v1/newstection/epoch3/seed1949/baseline/petal/REPORT.json,83.63367781523266,11.956905712185057,0.81250975,0.8241730375,0.798678225,0.129,0.1444048747285008,0.11501757435418881,0.0215,0.028833833739084404,0.016000780509074646,0.4875,0.5094091831243,0.4656387430577313,0.0785,0.09111175553010317,0.06750431532799306,14.50584937853273,0,0.0,0,0.0,newstection/epoch3/seed1949/baseline/petal,,0,0.0,200,2000,2000,0.1865199999999999,0.01865199999999999,17326012416,29.31271997152362,0.1,0.01,0.397,0.0585,13.759125907863389,4600,2449969,612.49225,4600,1.15,290.7161419108743,334.53471126093064
newstection,3,1949,sead,baseline,/home/mxd/lib/SD_MIA/artifacts/runs/audits/qwen_fixed_v1/newstection/epoch3/seed1949/baseline/sead/REPORT.json,80.49368280725321,12.423335162767469,0.8456635,0.85792328125,0.8329194,0.1015,0.11550833868916041,0.0890195479939982,0.009,0.014182040701612969,0.005700499728577407,0.519,0.5408398439036619,0.49708730829965053,0.053,0.06370338306364304,0.04401045720579706,15.31206835131161,0,0.0,0,0.0,newstection/epoch3/seed1949/baseline/sead,,0,0.0,200,2000,2000,0.24414999999999995,0.024414999999999996,17326012416,0.06648345093708485,0.1,0.01,0.516,0.055,13.046476989630818,4200,2235665,558.91625,4200,1.05,306.59617942676414,321.97473122901283
newstection,3,1949,ws,baseline,/home/mxd/lib/SD_MIA/artifacts/runs/audits/qwen_fixed_v1/newstection/epoch3/seed1949/baseline/ws/REPORT.json,2065.1571816875075,0.48422464346411986,0.49106025,0.509010790625,0.4743864875,0.1115,0.1260459412042156,0.0984436045333179,0.007,0.011715862563394297,0.0041743460559210965,0.112,0.12657186967421372,0.09891575901603857,0.0125,0.018388039710650523,0.008481081388571086,392.91097971983254,0,0.0,0,0.0,newstection/epoch3/seed1949/baseline/ws,,2125035,531.25875,200,2000,2000,0.049037500000000005,0.004903750000000001,17149372928,5.133799951523542,0.1,0.01,0.107,0.0145,0.5087386064076544,268800,2363132,590.783,8400,2.1,7862.583947078674,8260.62872675003
newstection,3,1949,rs,baseline,/home/mxd/lib/SD_MIA/artifacts/runs/audits/qwen_fixed_v1/newstection/epoch3/seed1949/baseline/rs/REPORT.json,2057.8416655107576,0.4859460359656968,0.514935375,0.534056934375,0.49620174375000003,0.089,0.10228002687162495,0.07729578599356494,0.025,0.032806771413197815,0.019014423503992475,0.087,0.10015700783763422,0.07542647321668068,0.029,0.03730545692281039,0.022500401616129873,391.56898886943236,0,0.0,0,0.0,newstection/epoch3/seed1949/baseline/rs,,2125310,531.3275,200,2000,2000,0.05101249999999996,0.005101249999999996,17145489920,5.37307002034504,0.1,0.01,0.0955,0.014,0.5105671702284368,268800,2363771,590.94275,8400,2.1,7834.424603153253,8231.36666204303
newstection,3,1949,bt,baseline,/home/mxd/lib/SD_MIA/artifacts/runs/audits/qwen_fixed_v1/newstection/epoch3/seed1949/baseline/bt/REPORT.json,3079.70195032502,0.32470674634422464,0.516992125,0.531929303125,0.499313496875,0.0635,0.0750467261459507,0.053626856130583093,0.009,0.014182040701612969,0.005700499728577407,0.08,0.09271074519851809,0.06889957451773436,0.0145,0.020746775563306317,0.01011467734679028,583.5313192122849,0,0.0,0,0.0,newstection/epoch3/seed1949/baseline/bt,,2930341,732.58525,200,2000,2000,0.06419499999999999,0.006419499999999999,17145489920,5.67235972546041,0.1,0.01,0.123,0.0145,0.3410174766575501,403099,3505550,876.3875,12600,3.15,11729.604122362332,12318.807801300078
newstection,3,1949,samia,baseline,/home/mxd/lib/SD_MIA/artifacts/runs/audits/qwen_fixed_v1/newstection/epoch3/seed1949/baseline/samia/REPORT.json,3211.72028450048,0.3113596177182443,0.56524425,0.582275384375,0.54920784375,0.1085,0.12288852080081825,0.09561252722040278,0.026,0.033935273144663027,0.019882087677964753,0.16,0.17671653985586086,0.14458705229539107,0.025,0.032806771413197815,0.019014423503992475,610.9057594218757,0,0.0,0,0.0,newstection/epoch3/seed1949/baseline/samia,,10287455,2571.86375,200,2000,2000,0.061972499999999986,0.006197249999999999,24014666240,3.0492321592755616,0.1,0.01,0.1395,0.0115,0.3269863605912769,134400,11877230,2969.3075,42000,10.5,12232.926146420767,12846.881138001918
newstection,3,1949,draft_auxiliary_distilled,main,/home/mxd/lib/SD_MIA/artifacts/runs/audits/qwen_fixed_v1/newstection/epoch3/seed1949/draft_auxiliary_distilled/fixed/main_fixed_sparse_positive/REPORT.json,426.7187093505054,2.343464155865271,0.9994985,0.9997804812500001,0.99919159375,0.0755,0.08790997859899309,0.06471759454279065,0.021,0.028263010469622922,0.015573520825817387,1.0,0.9999999999999998,0.9980829527187469,0.9985,0.9994897364163615,0.9955989674442294,73.12280747084878,2449969,612.49225,4600,1.15,newstection/epoch3/seed1949/draft_auxiliary_distilled/fixed,1706.8748374020215,0,0.0,200,2000,2000,0.9949849999999999,0.09949849999999999,21482550784,155.13402696268167,0.1,0.01,1.0,0.9865,2.7052287960579084,4600,2449969,612.49225,4600,1.15,1478.618002968491,1706.8748374020215
newstection,3,1949,draft_member_sft,main,/home/mxd/lib/SD_MIA/artifacts/runs/audits/qwen_fixed_v1/newstection/epoch3/seed1949/draft_member_sft/fixed/main_fixed_sparse_positive/REPORT.json,430.3557821492723,2.32365879925169,0.998297,0.9989523874999999,0.9975262687500001,0.101,0.11498046280503259,0.08854934092540727,0.011,0.016599446829747115,0.007275425411318251,0.9995,0.9999117322692944,0.9971731374967338,0.9645,0.971760123769736,0.95545893930598,73.43329024175182,2449969,612.49225,4600,1.15,newstection/epoch3/seed1949/draft_member_sft/fixed,1721.423128597089,0,0.0,200,2000,2000,0.9832125000000036,0.09832125000000036,21482550784,156.18459440942388,0.1,0.01,0.9995,0.9605,2.6813151490336384,4600,2449969,612.49225,4600,1.15,1491.8052439459134,1721.423128597089
newstection,3,1978,loss,baseline,/home/mxd/lib/SD_MIA/artifacts/runs/audits/qwen_fixed_v1/newstection/epoch3/seed1978/baseline/loss/REPORT.json,78.35163929572445,12.76297482718487,0.83508325,0.8461039875,0.82485058125,0.112,0.12657186967421372,0.09891575901603857,0.0015,0.004401032555770693,0.0005102635836384819,0.5205,0.5423343770767923,0.49858702398467614,0.039,0.04840608504391829,0.03136143254939691,14.498463119496591,0,0.0,0,0.0,newstection/epoch3/seed1978/baseline/loss,,0,0.0,200,2000,2000,0.21549000000000007,0.02154900000000001,17326028800,0.07232878601644188,0.1,0.01,0.483,0.058,13.385278687399172,4200,2235926,558.9815,4200,1.05,298.8357652773848,313.4065571828978
newstection,3,1978,min_k_prob,baseline,/home/mxd/lib/SD_MIA/artifacts/runs/audits/qwen_fixed_v1/newstection/epoch3/seed1978/baseline/min_k_prob/REPORT.json,79.00807748900843,12.65693371844315,0.87765175,0.88676190625,0.8689087437499999,0.108,0.12236197087545578,0.0951409941930465,0.0025,0.005839153316432755,0.0010683087284139143,0.656,0.6765023346684419,0.6348995465798072,0.045,0.05499069598122689,0.03675381704471326,14.98198605782818,0,0.0,0,0.0,newstection/epoch3/seed1978/baseline/min_k_prob,,0,0.0,200,2000,2000,0.2981525,0.02981525,17326028800,0.06822448375169188,0.1,0.01,0.6325,0.061,13.289826895957624,4200,2235926,558.9815,4200,1.05,300.98209941445384,316.0323099560337
newstection,3,1978,min_k_pp,baseline,/home/mxd/lib/SD_MIA/artifacts/runs/audits/qwen_fixed_v1/newstection/epoch3/seed1978/baseline/min_k_pp/REPORT.json,79.15379617898725,12.63363285493902,0.983653,0.9865772,0.98022694375,0.1605,0.1772358013670915,0.14506587373687918,0.006,0.010458448336941664,0.003435594376936234,0.9965,0.9983035683029576,0.9927928037467583,0.4235,0.44528144757088445,0.40201186066314715,14.997941218898632,0,0.0,0,0.0,newstection/epoch3/seed1978/baseline/min_k_pp,,0,0.0,200,2000,2000,0.8464075000000006,0.08464075000000007,17326028800,0.07468341081403196,0.1,0.01,0.9865,0.6185,13.265125821230887,4200,2235926,558.9815,4200,1.05,301.54256008623634,316.615184715949
newstection,3,1978,recall,baseline,/home/mxd/lib/SD_MIA/artifacts/runs/audits/qwen_fixed_v1/newstection/epoch3/seed1978/baseline/recall/REPORT.json,401.1900454937713,2.4925842782794705,0.9266145,0.93369624375,0.92014053125,0.099,0.11286795942594038,0.08666951249362448,0.005,0.009179695949941846,0.0027181808584985597,0.7175,0.7367997193237364,0.6973663651089185,0.1445,0.1605909023129494,0.12977211830402138,76.22523702157196,0,0.0,0,0.0,newstection/epoch3/seed1978/baseline/recall,,0,0.0,200,2000,2000,0.46224,0.046224,17384913920,0.0712095940252766,0.1,0.01,0.727,0.22,2.6170068072038473,8400,13636252,3409.063,8400,2.1,1528.463735359488,1604.7601819750853
newstection,3,1978,icp_mia,baseline,/home/mxd/lib/SD_MIA/artifacts/runs/audits/qwen_fixed_v1/newstection/epoch3/seed1978/baseline/icp_mia/REPORT.json,732.199033956218,1.3657488655738859,0.90776875,0.91709415625,0.897518775,0.072,0.08416785915549115,0.061473133317261355,0.003,0.006529915073935308,0.0013756299236301083,0.6915,0.7113589615912825,0.6709068092999975,0.077,0.08951151115448341,0.06611031084545657,139.21891762071755,0,0.0,0,0.0,newstection/epoch3/seed1978/baseline/icp_mia,,0,0.0,200,2000,2000,0.5385650000000005,0.05385650000000006,17408981504,0.16455480514559895,0.1,0.01,0.7635,0.215,1.4339936333141339,25200,24038340,6009.585,25200,6.3,2789.412663399009,2928.796135824872
newstection,3,1978,petal,baseline,/home/mxd/lib/SD_MIA/artifacts/runs/audits/qwen_fixed_v1/newstection/epoch3/seed1978/baseline/petal/REPORT.json,87.02414567445521,11.491063684105052,0.81472675,0.8255510125,0.80362876875,0.1255,0.14074070561524243,0.11169516279841597,0.004,0.007873464296037741,0.0020282466069651696,0.4755,0.49741277015094953,0.4536811651658317,0.055,0.06587138371167006,0.04583478836864504,15.07618066482246,0,0.0,0,0.0,newstection/epoch3/seed1978/baseline/petal,,0,0.0,200,2000,2000,0.1908725,0.01908725,17326028800,30.33462386939209,0.1,0.01,0.418,0.0665,13.215024585125828,4600,2448610,612.1525,4600,1.15,302.6857781636063,348.09658269782085
newstection,3,1978,sead,baseline,/home/mxd/lib/SD_MIA/artifacts/runs/audits/qwen_fixed_v1/newstection/epoch3/seed1978/baseline/sead/REPORT.json,83.21223570904112,12.017463435264348,0.84507775,0.8559643125,0.83504304375,0.0965,0.11022502986382192,0.0843220272921492,0.003,0.006529915073935308,0.0013756299236301083,0.5205,0.5423343770767923,0.49858702398467614,0.0385,0.047855107023991705,0.03091432761660475,15.78356610017363,0,0.0,0,0.0,newstection/epoch3/seed1978/baseline/sead,,0,0.0,200,2000,2000,0.24159749999999997,0.024159749999999997,17326028800,0.0668193056480959,0.1,0.01,0.539,0.05,12.61835395222251,4200,2235926,558.9815,4200,1.05,316.99855743034277,332.8489428361645
newstection,3,1978,ws,baseline,/home/mxd/lib/SD_MIA/artifacts/runs/audits/qwen_fixed_v1/newstection/epoch3/seed1978/baseline/ws/REPORT.json,2213.1044300100184,0.4518539597317932,0.506317875,0.52456820625,0.487647446875,0.129,0.1444048747285008,0.11501757435418881,0.0215,0.028833833739084404,0.016000780509074646,0.1235,0.13864525624017204,0.10979828036261141,0.019,0.025970414566263898,0.013873784918301425,420.0280447920086,0,0.0,0,0.0,newstection/epoch3/seed1978/baseline/ws,,2120630,530.1575,200,2000,2000,0.049219999999999965,0.004921999999999997,17149389312,5.226766414009035,0.1,0.01,0.0955,0.01,0.47465559207439384,268800,2364757,591.18925,8400,2.1,8427.162908834056,8852.417720040074
newstection,3,1978,rs,baseline,/home/mxd/lib/SD_MIA/artifacts/runs/audits/qwen_fixed_v1/newstection/epoch3/seed1978/baseline/rs/REPORT.json,2227.2372447515086,0.4489867446121886,0.503363125,0.521143475,0.48686280625,0.12,0.13497526262337084,0.10648169331038138,0.015,0.021332437825708653,0.010527098037106688,0.127,0.14231150539436807,0.11311861187744655,0.0175,0.024240197666827872,0.012609752959581211,423.8631765572354,0,0.0,0,0.0,newstection/epoch3/seed1978/baseline/rs,,2119981,529.99525,200,2000,2000,0.04921249999999997,0.004921249999999998,17144211968,5.737108687055297,0.1,0.01,0.093,0.0115,0.4717343447548985,268800,2364118,591.0295,8400,2.1,8479.348693761742,8908.948979006032
newstection,3,1978,bt,baseline,/home/mxd/lib/SD_MIA/artifacts/runs/audits/qwen_fixed_v1/newstection/epoch3/seed1978/baseline/bt/REPORT.json,4086.9247676780215,0.24468275215355825,0.507897875,0.524129384375,0.489866921875,0.1035,0.11761886180623717,0.09090135668779638,0.0,0.001917047281252934,1.0842021724855044e-19,0.1085,0.12288852080081825,0.09561252722040278,0.0,0.001917047281252934,1.0842021724855044e-19,744.2831881531747,0,0.0,0,0.0,newstection/epoch3/seed1978/baseline/bt,,2983251,745.81275,200,2000,2000,0.05569375000000003,0.005569375000000003,17144211968,5.933857594267465,0.1,0.01,0.106,0.013,0.2564516499264289,403149,3506372,876.593,12600,3.15,15597.482024964644,16347.699070712086
newstection,3,1978,samia,baseline,/home/mxd/lib/SD_MIA/artifacts/runs/audits/qwen_fixed_v1/newstection/epoch3/seed1978/baseline/samia/REPORT.json,5733.46795250225,0.17441450938320344,0.561978625,0.57785783125,0.5454772656250001,0.088,0.10121875616670008,0.07636089079305232,0.0135,0.019570793006999862,0.009294493997659236,0.1295,0.14492803550121386,0.11549249653419452,0.014,0.020159586811157672,0.009703783146220175,1116.2064953538356,0,0.0,0,0.0,newstection/epoch3/seed1978/baseline/samia,,10304575,2576.14375,200,2000,2000,0.06846625000000002,0.006846625000000002,24001571840,2.9468401595950127,0.1,0.01,0.149,0.012,0.183362439660936,134400,11878810,2969.7025,42000,10.5,21814.718474495574,22933.871810009005
newstection,3,1978,draft_auxiliary_distilled,main,/home/mxd/lib/SD_MIA/artifacts/runs/audits/qwen_fixed_v1/newstection/epoch3/seed1978/draft_auxiliary_distilled/fixed/main_fixed_sparse_positive/REPORT.json,438.8826496518159,2.2785134039665094,0.99922625,0.9995599000000001,0.99869276875,0.0925,0.10599081541223992,0.08057157812198121,0.004,0.007873464296037741,0.0020282466069651696,1.0,0.9999999999999998,0.9980829527187469,0.953,0.9614385976348314,0.9428245575283534,76.47535056050401,2448610,612.1525,4600,1.15,newstection/epoch3/seed1978/draft_auxiliary_distilled/fixed,1755.5305986072635,0,0.0,200,2000,2000,0.9922624999999996,0.09922624999999996,21479679488,162.82705023000017,0.1,0.01,1.0,0.9895,2.6381253202912744,4600,2448610,612.1525,4600,1.15,1516.2281978167593,1755.5305986072635
newstection,3,1978,draft_member_sft,main,/home/mxd/lib/SD_MIA/artifacts/runs/audits/qwen_fixed_v1/newstection/epoch3/seed1978/draft_member_sft/fixed/main_fixed_sparse_positive/REPORT.json,459.7530703304801,2.175080634657163,0.99792575,0.9988370937500001,0.99684784375,0.111,0.12551992552405733,0.09797153726075743,0.0075,0.012337914136224913,0.004550377435809225,0.9995,0.9999117322692944,0.9971731374967338,0.95,0.9587187663812682,0.9395558910656041,78.80918665404897,2448610,612.1525,4600,1.15,newstection/epoch3/seed1978/draft_member_sft/fixed,1839.0122813219205,0,0.0,200,2000,2000,0.9803850000000021,0.09803850000000021,21479679488,166.95204368641134,0.1,0.01,0.999,0.9735,2.5105899020345577,4600,2448610,612.1525,4600,1.15,1593.2510509814601,1839.0122813219205
wikitection,1,1919,loss,baseline,/home/mxd/lib/SD_MIA/artifacts/runs/audits/qwen_fixed_v1/wikitection/epoch1/seed1919/baseline/loss/REPORT.json,73.80149506073212,13.549861004537757,0.59134775,0.60569894375,0.57497739375,0.1075,0.12183533002292098,0.09466955209286256,0.031,0.03954072820817342,0.024257462141641817,0.1655,0.1824254202490124,0.14985708438214576,0.0495,0.059900004989600644,0.040827254610808245,13.963670307770371,0,0.0,0,0.0,wikitection/epoch1/seed1919/baseline/loss,,0,0.0,200,2000,2000,0.08098750000000006,0.008098750000000007,17326028800,0.06836600392125547,0.1,0.01,0.159,0.014,14.226069258317297,4200,2154148,538.537,4200,1.05,281.17394393123686,295.2059802429285
wikitection,1,1919,min_k_prob,baseline,/home/mxd/lib/SD_MIA/artifacts/runs/audits/qwen_fixed_v1/wikitection/epoch1/seed1919/baseline/min_k_prob/REPORT.json,74.3740932882065,13.445542066978987,0.610279,0.6249369375,0.5906515312499999,0.1145,0.12920022144962875,0.10127782200421726,0.0245,0.032241481682334906,0.01858163028213664,0.193,0.21087807957072474,0.17629898745996453,0.0425,0.05225291855224844,0.03450117971009799,14.318473430583254,0,0.0,0,0.0,wikitection/epoch1/seed1919/baseline/min_k_prob,,0,0.0,200,2000,2000,0.08748999999999994,0.008748999999999995,17326028800,0.07959171931724995,0.1,0.01,0.1705,0.014,14.129367385546736,4200,2154148,538.537,4200,1.05,283.0983080029255,297.496373152826
wikitection,1,1919,min_k_pp,baseline,/home/mxd/lib/SD_MIA/artifacts/runs/audits/qwen_fixed_v1/wikitection/epoch1/seed1919/baseline/min_k_pp/REPORT.json,74.49697325451416,13.423364149085142,0.69992825,0.71486255625,0.6826484125,0.105,0.11920074218749015,0.09231372516469964,0.0245,0.032241481682334906,0.01858163028213664,0.252,0.27149073145326097,0.23346012399824045,0.059,0.070196614851898,0.04949422085016707,14.350253206328489,0,0.0,0,0.0,wikitection/epoch1/seed1919/baseline/min_k_pp,,0,0.0,200,2000,2000,0.12444749999999999,0.01244475,17326028800,0.06844612455461174,0.1,0.01,0.238,0.0345,14.105904622392446,4200,2154148,538.537,4200,1.05,283.56919368717354,297.98789301805664
wikitection,1,1919,recall,baseline,/home/mxd/lib/SD_MIA/artifacts/runs/audits/qwen_fixed_v1/wikitection/epoch1/seed1919/baseline/recall/REPORT.json,369.3341977229866,2.7075748906144743,0.65533725,0.66958491875,0.63829679375,0.11,0.12446763047408034,0.09702766640529693,0.0265,0.03449852336037745,0.020316920414969065,0.2195,0.23816829205187826,0.20190717147290457,0.042,0.05170440056757297,0.0340516147420547,70.72182866791263,0,0.0,0,0.0,wikitection/epoch1/seed1919/baseline/recall,,0,0.0,200,2000,2000,0.09765999999999998,0.009765999999999999,17334580224,0.07983064034488052,0.1,0.01,0.1995,0.0105,2.8438678211302113,8400,12800696,3200.174,8400,2.1,1406.5351315836888,1477.3367908919463
wikitection,1,1919,icp_mia,baseline,/home/mxd/lib/SD_MIA/artifacts/runs/audits/qwen_fixed_v1/wikitection/epoch1/seed1919/baseline/icp_mia/REPORT.json,694.6456524099922,1.4395828960141281,0.650771,0.6690685312500001,0.63514359375,0.1175,0.13235146831961192,0.10411507285054655,0.012,0.017793883870480226,0.008077154276022635,0.3005,0.3209600286742948,0.280804873190925,0.033,0.041767769460400554,0.026022752700289677,134.23987194988877,0,0.0,0,0.0,wikitection/epoch1/seed1919/baseline/icp_mia,,0,0.0,200,2000,2000,0.15413999999999997,0.015413999999999997,17408981504,0.17347261763643473,0.1,0.01,0.273,0.028,1.5127624592105717,25200,23286752,5821.688,25200,6.3,2644.1692650724435,2778.5826096399687
wikitection,1,1919,petal,baseline,/home/mxd/lib/SD_MIA/artifacts/runs/audits/qwen_fixed_v1/wikitection/epoch1/seed1919/baseline/petal/REPORT.json,81.95250154047972,12.20219006379029,0.58504425,0.5991621125000001,0.5691492312499999,0.148,0.16423717031746463,0.1331124309685374,0.032,0.04065523105196132,0.025139125203291417,0.204,0.22222020217315414,0.18691468981734755,0.049,0.05935563669738288,0.04037353995030726,14.412993260775693,0,0.0,0,0.0,wikitection/epoch1/seed1919/baseline/petal,,0,0.0,200,2000,2000,0.08090250000000002,0.008090250000000002,17326028800,28.69663926505018,0.1,0.01,0.1475,0.0125,14.049858624747863,4600,2359805,589.95125,4600,1.15,284.700373636093,327.81000616191886
wikitection,1,1919,sead,baseline,/home/mxd/lib/SD_MIA/artifacts/runs/audits/qwen_fixed_v1/wikitection/epoch1/seed1919/baseline/sead/REPORT.json,78.8645509564958,12.679968222371947,0.5924805,0.60704528125,0.57326061875,0.102,0.11603611589564782,0.08948985374022951,0.033,0.041767769460400554,0.026022752700289677,0.1585,0.17515842270628157,0.14315092058681417,0.054,0.0647878512990574,0.0449221548758202,15.236578156822361,0,0.0,0,0.0,wikitection/epoch1/seed1919/baseline/sead,,0,0.0,200,2000,2000,0.08588250000000001,0.008588250000000002,17326028800,0.0675912443548441,0.1,0.01,0.158,0.0145,13.326490872146088,4200,2154148,538.537,4200,1.05,300.154034424806,315.4582038259832
wikitection,1,1919,ws,baseline,/home/mxd/lib/SD_MIA/artifacts/runs/audits/qwen_fixed_v1/wikitection/epoch1/seed1919/baseline/ws/REPORT.json,2080.0124301619944,0.4807663576905252,0.5182285,0.5351742500000001,0.50087921875,0.0865,0.0996259522547731,0.07495944584682306,0.0255,0.033371362045600345,0.019447915824308683,0.097,0.11075382395761238,0.08479131615107749,0.0245,0.032241481682334906,0.01858163028213664,396.0969229761977,0,0.0,0,0.0,wikitection/epoch1/seed1919/baseline/ws,,1981590,495.3975,200,2000,2000,0.05360250000000001,0.005360250000000001,17183887872,4.4605109095573425,0.1,0.0,0.111,0.0,0.5050828834931975,268800,2293453,573.36325,8400,2.1,7919.492286762223,8320.049720647978
wikitection,1,1919,rs,baseline,/home/mxd/lib/SD_MIA/artifacts/runs/audits/qwen_fixed_v1/wikitection/epoch1/seed1919/baseline/rs/REPORT.json,2226.480602312251,0.4491393273139129,0.508779875,0.52544894375,0.4918133375,0.1025,0.11656379506401297,0.0899602575245831,0.0,0.001917047281252934,1.0842021724855044e-19,0.111,0.12551992552405733,0.09797153726075743,0.0,0.001917047281252934,1.0842021724855044e-19,419.70471631607506,0,0.0,0,0.0,wikitection/epoch1/seed1919/baseline/rs,,1965209,491.30225,200,2000,2000,0.056569999999999995,0.005657,17138966016,4.587463246309198,0.1,0.0,0.109,0.0,0.47160744947351857,268800,2294307,573.57675,8400,2.1,8481.63022968662,8905.922409249004
wikitection,1,1919,bt,baseline,/home/mxd/lib/SD_MIA/artifacts/runs/audits/qwen_fixed_v1/wikitection/epoch1/seed1919/baseline/bt/REPORT.json,3357.242189193261,0.29786352715896797,0.499873875,0.517286275,0.48447248125,0.1005,0.11445248759594692,0.08807923318177419,0.0,0.001917047281252934,1.0842021724855044e-19,0.1005,0.11445248759594692,0.08807923318177419,0.0,0.001917047281252934,1.0842021724855044e-19,641.371719061397,0,0.0,0,0.0,wikitection/epoch1/seed1919/baseline/bt,,2788745,697.18625,200,2000,2000,0.053910833333333345,0.0053910833333333345,17138966016,5.217940291855484,0.099,0.0,0.0985,0.0,0.31293079085781667,403180,3387886,846.9715,12600,3.15,12782.379097419791,13428.968756773043
wikitection,1,1919,samia,baseline,/home/mxd/lib/SD_MIA/artifacts/runs/audits/qwen_fixed_v1/wikitection/epoch1/seed1919/baseline/samia/REPORT.json,3191.672161313501,0.3133153875015972,0.520846625,0.535888015625,0.500848940625,0.097,0.11075382395761238,0.08479131615107749,0.019,0.025970414566263898,0.013873784918301425,0.1265,0.14178797968334114,0.11264405463575475,0.02,0.027118639188737373,0.014721726201265444,608.565321886912,0,0.0,0,0.0,wikitection/epoch1/seed1919/baseline/samia,,9700521,2425.13025,200,2000,2000,0.06564750000000005,0.0065647500000000055,23936013824,2.5056879315525293,0.1,0.01,0.1275,0.008,0.32906596110257447,134400,11510060,2877.515,42000,10.5,12155.617635435541,12766.688645254006
wikitection,1,1919,draft_auxiliary_distilled,main,/home/mxd/lib/SD_MIA/artifacts/runs/audits/qwen_fixed_v1/wikitection/epoch1/seed1919/draft_auxiliary_distilled/fixed/main_fixed_sparse_positive/REPORT.json,403.42652975730016,2.478766085615629,0.88058225,0.8903945000000001,0.868935,0.1175,0.13235146831961192,0.10411507285054655,0.0025,0.005839153316432755,0.0010683087284139143,0.6885,0.7084185626369012,0.6678587105380663,0.127,0.14231150539436807,0.11311861187744655,71.20762078114785,2359805,589.95125,4600,1.15,wikitection/epoch1/seed1919/draft_auxiliary_distilled/fixed,1613.7061190292006,0,0.0,200,2000,2000,0.4786825000000001,0.047868250000000015,21466918400,150.0614827327663,0.1,0.01,0.66,0.2345,2.8726613523124107,4600,2359805,589.95125,4600,1.15,1392.4370155152865,1613.7061190292006
wikitection,1,1919,draft_member_sft,main,/home/mxd/lib/SD_MIA/artifacts/runs/audits/qwen_fixed_v1/wikitection/epoch1/seed1919/draft_member_sft/fixed/main_fixed_sparse_positive/REPORT.json,410.37801982602105,2.436777682254883,0.79974925,0.81072210625,0.7844208187499999,0.107,0.12130859768781074,0.09419820147525404,0.0015,0.004401032555770693,0.0005102635836384819,0.46,0.48189869886438236,0.43825466491811776,0.0505,0.06098795224416838,0.04173547326167801,71.69982761959545,2359805,589.95125,4600,1.15,wikitection/epoch1/seed1919/draft_member_sft/fixed,1641.5120793040842,0,0.0,200,2000,2000,0.27024250000000016,0.027024250000000017,21466918400,151.43305429513566,0.1,0.01,0.4415,0.0905,2.8201203228039007,4600,2359805,589.95125,4600,1.15,1418.379197389353,1641.5120793040842
wikitection,1,1949,loss,baseline,/home/mxd/lib/SD_MIA/artifacts/runs/audits/qwen_fixed_v1/wikitection/epoch1/seed1949/baseline/loss/REPORT.json,74.11564372200519,13.492428180895589,0.586775,0.604348475,0.56912313125,0.0915,0.10493116087235554,0.07963506675642809,0.012,0.017793883870480226,0.008077154276022635,0.1525,0.16892086108237392,0.13741148677809684,0.0175,0.024240197666827872,0.012609752959581211,13.985218019690365,0,0.0,0,0.0,wikitection/epoch1/seed1949/baseline/loss,,0,0.0,200,2000,2000,0.08259250000000004,0.008259250000000004,17326012416,0.13623524399008602,0.1,0.01,0.163,0.0135,14.16725972110456,4200,2154596,538.649,4200,1.05,282.3411216243403,296.46257488802075
wikitection,1,1949,min_k_prob,baseline,/home/mxd/lib/SD_MIA/artifacts/runs/audits/qwen_fixed_v1/wikitection/epoch1/seed1949/baseline/min_k_prob/REPORT.json,74.53922943398356,13.41575446370371,0.61237475,0.6286551,0.59404686875,0.1115,0.1260459412042156,0.0984436045333179,0.012,0.017793883870480226,0.008077154276022635,0.2,0.2180981938602074,0.18305203450854435,0.0195,0.026545026088593226,0.014297256348690845,14.298500526114367,0,0.0,0,0.0,wikitection/epoch1/seed1949/baseline/min_k_prob,,0,0.0,200,2000,2000,0.09004249999999996,0.009004249999999997,17326012416,0.08631141274236143,0.1,0.01,0.176,0.0135,14.095818152261796,4200,2154596,538.649,4200,1.05,283.77210579707753,298.15691773593426
wikitection,1,1949,min_k_pp,baseline,/home/mxd/lib/SD_MIA/artifacts/runs/audits/qwen_fixed_v1/wikitection/epoch1/seed1949/baseline/min_k_pp/REPORT.json,74.64084884672775,13.397489651456985,0.6928155,0.708980575,0.675439325,0.1215,0.13654858435787717,0.10790262043403129,0.0105,0.015998901907473176,0.006877887380873443,0.283,0.30314321488390183,0.26368878363616177,0.025,0.032806771413197815,0.019014423503992475,14.313304544310085,0,0.0,0,0.0,wikitection/epoch1/seed1949/baseline/min_k_pp,,0,0.0,200,2000,2000,0.11912499999999995,0.011912499999999996,17326012416,0.1105242392513901,0.1,0.01,0.252,0.0245,14.077588868796589,4200,2154596,538.649,4200,1.05,284.1395666033495,298.563395386911
wikitection,1,1949,recall,baseline,/home/mxd/lib/SD_MIA/artifacts/runs/audits/qwen_fixed_v1/wikitection/epoch1/seed1949/baseline/recall/REPORT.json,386.23863597775926,2.58907293794809,0.689627,0.70402284375,0.67174668125,0.088,0.10121875616670008,0.07636089079305232,0.005,0.009179695949941846,0.0027181808584985597,0.201,0.21912894922237747,0.18401744505181178,0.009,0.014182040701612969,0.005700499728577407,73.77031887753401,0,0.0,0,0.0,wikitection/epoch1/seed1949/baseline/recall,,0,0.0,200,2000,2000,0.10883249999999993,0.010883249999999994,17386995712,0.10216039174702018,0.1,0.01,0.225,0.011,2.7190869198545333,8400,13523992,3380.998,8400,2.1,1471.082064641756,1544.954543911037
wikitection,1,1949,icp_mia,baseline,/home/mxd/lib/SD_MIA/artifacts/runs/audits/qwen_fixed_v1/wikitection/epoch1/seed1949/baseline/icp_mia/REPORT.json,691.2879538262496,1.44657518544196,0.67426225,0.68918625,0.65983653125,0.058,0.06911659834261377,0.04857807145401382,0.0055,0.009822062751615332,0.003073897009543817,0.223,0.24176425230818283,0.20529779188563124,0.0155,0.021916645881830028,0.010940972933704062,132.36605792399496,0,0.0,0,0.0,wikitection/epoch1/seed1949/baseline/icp_mia,,0,0.0,200,2000,2000,0.1811425,0.018114250000000002,17408989696,0.20223449869081378,0.1,0.01,0.3075,0.0375,1.5194199785997888,25200,23146322,5786.5805,25200,6.3,2632.5835228823125,2765.1518153049983
wikitection,1,1949,petal,baseline,/home/mxd/lib/SD_MIA/artifacts/runs/audits/qwen_fixed_v1/wikitection/epoch1/seed1949/baseline/petal/REPORT.json,81.9646582705609,12.20038027486254,0.574145,0.5910920125,0.5559349625000001,0.1025,0.11656379506401297,0.0899602575245831,0.011,0.016599446829747115,0.007275425411318251,0.147,0.16319568745234855,0.13215774792821597,0.0125,0.018388039710650523,0.008481081388571086,14.36379457009025,0,0.0,0,0.0,wikitection/epoch1/seed1949/baseline/petal,,0,0.0,200,2000,2000,0.07822999999999997,0.007822999999999997,17326012416,28.452876243623905,0.1,0.01,0.146,0.0125,14.033021552916901,4600,2358046,589.5115,4600,1.15,285.04196226852946,327.8586330822436
wikitection,1,1949,sead,baseline,/home/mxd/lib/SD_MIA/artifacts/runs/audits/qwen_fixed_v1/wikitection/epoch1/seed1949/baseline/sead/REPORT.json,78.98132314701797,12.66122116159757,0.59531975,0.6118451874999999,0.57811045,0.072,0.08416785915549115,0.061473133317261355,0.0185,0.025394766717736703,0.013451349814109871,0.1335,0.14911076202970336,0.119294433627455,0.0305,0.03898271190692737,0.02381739549016912,15.170534496777691,0,0.0,0,0.0,wikitection/epoch1/seed1949/baseline/sead,,0,0.0,200,2000,2000,0.08827750000000004,0.008827750000000004,17326012416,0.07450219918973744,0.1,0.01,0.1765,0.014,13.303168138300881,4200,2154596,538.649,4200,1.05,300.68025589210447,315.9252925880719
wikitection,1,1949,ws,baseline,/home/mxd/lib/SD_MIA/artifacts/runs/audits/qwen_fixed_v1/wikitection/epoch1/seed1949/baseline/ws/REPORT.json,2205.425176919496,0.45342730756197525,0.48645625,0.506582653125,0.470409546875,0.0915,0.10493116087235554,0.07963506675642809,0.0,0.001917047281252934,1.0842021724855044e-19,0.065,0.07665999351328683,0.055007837621403224,0.0,0.001917047281252934,1.0842021724855044e-19,419.85538068797905,0,0.0,0,0.0,wikitection/epoch1/seed1949/baseline/ws,,1995361,498.84025,200,2000,2000,0.034637499999999995,0.00346375,17172678144,4.573333886335604,0.1,0.0,0.071,0.0,0.4763451753480218,268796,2295195,573.79875,8400,2.1,8397.27199310367,8821.700707677985
wikitection,1,1949,rs,baseline,/home/mxd/lib/SD_MIA/artifacts/runs/audits/qwen_fixed_v1/wikitection/epoch1/seed1949/baseline/rs/REPORT.json,2123.673450263508,0.47088218759617617,0.49071125,0.508352725,0.47319431875,0.0845,0.09750049821690863,0.07309256807381255,0.0,0.001917047281252934,1.0842021724855044e-19,0.068,0.07988169982429345,0.05777462902670909,0.0,0.001917047281252934,1.0842021724855044e-19,398.2179602368269,0,0.0,0,0.0,wikitection/epoch1/seed1949/baseline/rs,,1986242,496.5605,200,2000,2000,0.04157000000000001,0.004157000000000001,17138966016,4.685411086305976,0.1,0.0,0.081,0.0,0.4943281755423594,268796,2294768,573.692,8400,2.1,8091.7904297309,8494.693801054033
wikitection,1,1949,bt,baseline,/home/mxd/lib/SD_MIA/artifacts/runs/audits/qwen_fixed_v1/wikitection/epoch1/seed1949/baseline/bt/REPORT.json,4041.418002040736,0.24743790409580113,0.503619125,0.5211770812500001,0.485359125,0.0965,0.11022502986382192,0.0843220272921492,0.0,0.001917047281252934,1.0842021724855044e-19,0.086,0.09909477446848819,0.07449254068038921,0.0,0.001917047281252934,1.0842021724855044e-19,746.2417442947626,0,0.0,0,0.0,wikitection/epoch1/seed1949/baseline/bt,,2865241,716.31025,200,2000,2000,0.04570874999999999,0.004570874999999999,17138966016,5.771489787148312,0.1,0.0,0.089,0.0,0.25951009157710386,403173,3388700,847.175,12600,3.15,15413.658774081036,16165.672008162946
wikitection,1,1949,samia,baseline,/home/mxd/lib/SD_MIA/artifacts/runs/audits/qwen_fixed_v1/wikitection/epoch1/seed1949/baseline/samia/REPORT.json,3196.2248145400367,0.3128691059060901,0.528858625,0.54549250625,0.5093759437500001,0.107,0.12130859768781074,0.09419820147525404,0.0115,0.01719772790757136,0.007675227286212753,0.138,0.15381104332898723,0.12357689890263988,0.0095,0.014790383154299275,0.006090240228609851,615.0059261070564,0,0.0,0,0.0,wikitection/epoch1/seed1949/baseline/samia,,9394320,2348.58,200,2000,2000,0.06413750000000003,0.006413750000000003,23935997440,2.880134650506079,0.1,0.01,0.1275,0.0065,0.3287577596162976,134400,11512930,2878.2325,42000,10.5,12167.013197402586,12784.899258160149
wikitection,1,1949,draft_auxiliary_distilled,main,/home/mxd/lib/SD_MIA/artifacts/runs/audits/qwen_fixed_v1/wikitection/epoch1/seed1949/draft_auxiliary_distilled/fixed/main_fixed_sparse_positive/REPORT.json,412.2573362925614,2.4256693864881105,0.86033525,0.87021943125,0.84883826875,0.1415,0.15746308937130718,0.1269114335293511,0.009,0.014182040701612969,0.005700499728577407,0.705,0.7245782935268605,0.6846357170878257,0.1195,0.13445066404882938,0.1060082089322041,71.61325158609543,2358046,589.5115,4600,1.15,wikitection/epoch1/seed1949/draft_auxiliary_distilled/fixed,1649.0293451702455,0,0.0,200,2000,2000,0.4041624999999999,0.040416249999999994,21466902016,151.36362927465234,0.1,0.01,0.6105,0.158,2.8049458909191123,4600,2358046,589.5115,4600,1.15,1426.0524643094977,1649.0293451702455
wikitection,1,1949,draft_member_sft,main,/home/mxd/lib/SD_MIA/artifacts/runs/audits/qwen_fixed_v1/wikitection/epoch1/seed1949/draft_member_sft/fixed/main_fixed_sparse_positive/REPORT.json,407.95335361990146,2.4512606432247166,0.77520225,0.7867901375,0.7591569812500001,0.1035,0.11761886180623717,0.09090135668779638,0.007,0.011715862563394297,0.0041743460559210965,0.3815,0.40299672038918094,0.3604576198164759,0.0635,0.0750467261459507,0.053626856130583093,72.19154886133038,2358046,589.5115,4600,1.15,wikitection/epoch1/seed1949/draft_member_sft/fixed,1631.8134144796059,0,0.0,200,2000,2000,0.21318500000000004,0.021318500000000004,21466902016,151.15346998616587,0.1,0.01,0.374,0.0835,2.839964327495493,4600,2358046,589.5115,4600,1.15,1408.4683956321096,1631.8134144796059
wikitection,1,1978,loss,baseline,/home/mxd/lib/SD_MIA/artifacts/runs/audits/qwen_fixed_v1/wikitection/epoch1/seed1978/baseline/loss/REPORT.json,73.86138164129807,13.538874819001093,0.57294775,0.5878526125,0.55464281875,0.112,0.12657186967421372,0.09891575901603857,0.0085,0.013570689737786079,0.005313767739685552,0.1825,0.20003148564715845,0.1661858393764371,0.011,0.016599446829747115,0.007275425411318251,14.010068436851725,0,0.0,0,0.0,wikitection/epoch1/seed1978/baseline/loss,,0,0.0,200,2000,2000,0.08982249999999997,0.008982249999999997,17326077952,0.07119813491590321,0.1,0.01,0.1695,0.0145,14.216446680518265,4200,2153845,538.46125,4200,1.05,281.36425999342464,295.44552656519227
wikitection,1,1978,min_k_prob,baseline,/home/mxd/lib/SD_MIA/artifacts/runs/audits/qwen_fixed_v1/wikitection/epoch1/seed1978/baseline/min_k_prob/REPORT.json,74.37827521748841,13.444786089431556,0.59642225,0.6105341625,0.5759928937500001,0.1095,0.12394135006026562,0.09655586386639291,0.0085,0.013570689737786079,0.005313767739685552,0.2055,0.22376526448169215,0.18836387636696572,0.011,0.016599446829747115,0.007275425411318251,14.32388654537499,0,0.0,0,0.0,wikitection/epoch1/seed1978/baseline/min_k_prob,,0,0.0,200,2000,2000,0.097245,0.0097245,17326077952,0.09013923699967563,0.1,0.01,0.1815,0.0155,14.129329100642833,4200,2153845,538.46125,4200,1.05,283.09907508757897,297.51310086995363
wikitection,1,1978,min_k_pp,baseline,/home/mxd/lib/SD_MIA/artifacts/runs/audits/qwen_fixed_v1/wikitection/epoch1/seed1978/baseline/min_k_pp/REPORT.json,74.4760274051805,13.427139374118129,0.68134625,0.70043010625,0.6651533749999999,0.0975,0.11128251325038024,0.08526070981102837,0.0125,0.018388039710650523,0.008481081388571086,0.255,0.2745592458129256,0.2363801073548883,0.0335,0.042323328642770504,0.026465276470638475,14.339225766598247,0,0.0,0,0.0,wikitection/epoch1/seed1978/baseline/min_k_pp,,0,0.0,200,2000,2000,0.13722499999999985,0.013722499999999985,17326077952,0.06587828497868031,0.1,0.01,0.2595,0.0315,14.109396934108132,4200,2153845,538.46125,4200,1.05,283.4990055691451,297.904109620722
wikitection,1,1978,recall,baseline,/home/mxd/lib/SD_MIA/artifacts/runs/audits/qwen_fixed_v1/wikitection/epoch1/seed1978/baseline/recall/REPORT.json,385.39437803576584,2.5947446485770915,0.68581825,0.70218506875,0.669706825,0.105,0.11920074218749015,0.09231372516469964,0.013,0.01898030851720305,0.008886895534737305,0.2365,0.25561729074959627,0.21839299316762395,0.0375,0.04675201217192855,0.030021256563230403,73.68165736482479,0,0.0,0,0.0,wikitection/epoch1/seed1978/baseline/recall,,0,0.0,200,2000,2000,0.11936750000000004,0.011936750000000005,17387061248,0.0754209253937006,0.1,0.01,0.2295,0.0225,2.7251289788223625,8400,13522490,3380.6225,8400,2.1,1467.8204338528449,1541.5775121430634
wikitection,1,1978,icp_mia,baseline,/home/mxd/lib/SD_MIA/artifacts/runs/audits/qwen_fixed_v1/wikitection/epoch1/seed1978/baseline/icp_mia/REPORT.json,692.5689341360121,1.443899589933978,0.6679535,0.6863526624999999,0.64933780625,0.0635,0.0750467261459507,0.053626856130583093,0.003,0.006529915073935308,0.0013756299236301083,0.201,0.21912894922237747,0.18401744505181178,0.014,0.020159586811157672,0.009703783146220175,132.29094508616254,0,0.0,0,0.0,wikitection/epoch1/seed1978/baseline/icp_mia,,0,0.0,200,2000,2000,0.1553299999999999,0.015532999999999991,17408940544,0.18507046648301184,0.1,0.01,0.2895,0.0355,1.5164153548763821,25200,23228669,5807.16725,25200,6.3,2637.799720991403,2770.2757365440484
wikitection,1,1978,petal,baseline,/home/mxd/lib/SD_MIA/artifacts/runs/audits/qwen_fixed_v1/wikitection/epoch1/seed1978/baseline/petal/REPORT.json,81.92932626398397,12.205641686566619,0.5628795,0.57925685625,0.546966975,0.115,0.1297256371295055,0.10175048927705926,0.0065,0.011089529172522494,0.0038025964940741515,0.185,0.20261584986887388,0.16859188991831542,0.0105,0.015998901907473176,0.006877887380873443,14.422053311602212,0,0.0,0,0.0,wikitection/epoch1/seed1978/baseline/petal,,0,0.0,200,2000,2000,0.084255,0.0084255,17326077952,28.505435287137516,0.1,0.01,0.157,0.014,14.04544604073369,4600,2358208,589.552,4600,1.15,284.78981645719614,327.71730505593587
wikitection,1,1978,sead,baseline,/home/mxd/lib/SD_MIA/artifacts/runs/audits/qwen_fixed_v1/wikitection/epoch1/seed1978/baseline/sead/REPORT.json,79.42394668597262,12.590661151023031,0.57926225,0.59359225625,0.56046928125,0.092,0.10546104438189775,0.08010326619960463,0.008,0.012956077671536958,0.0049302968532159265,0.1735,0.19071784281566026,0.15753398905899782,0.013,0.01898030851720305,0.008886895534737305,15.190174128627405,0,0.0,0,0.0,wikitection/epoch1/seed1978/baseline/sead,,0,0.0,200,2000,2000,0.09790249999999996,0.009790249999999997,17326077952,0.09536625538021326,0.1,0.01,0.19,0.0155,13.227065048714671,4200,2153845,538.46125,4200,1.05,302.4102463598829,317.6957867438905
wikitection,1,1978,ws,baseline,/home/mxd/lib/SD_MIA/artifacts/runs/audits/qwen_fixed_v1/wikitection/epoch1/seed1978/baseline/ws/REPORT.json,2542.452701528761,0.39332098465340437,0.515327125,0.530815371875,0.4988795875,0.09,0.10334082716397261,0.07823115160665478,0.0,0.001917047281252934,1.0842021724855044e-19,0.111,0.12551992552405733,0.09797153726075743,0.0,0.001917047281252934,1.0842021724855044e-19,487.934201207594,0,0.0,0,0.0,wikitection/epoch1/seed1978/baseline/ws,,2001233,500.30825,200,2000,2000,0.06614749999999998,0.006614749999999999,17198226432,5.492612753179856,0.1,0.0,0.117,0.0,0.4133775595556408,268799,2293319,573.32975,8400,2.1,9676.383992154268,10169.810806115041
wikitection,1,1978,rs,baseline,/home/mxd/lib/SD_MIA/artifacts/runs/audits/qwen_fixed_v1/wikitection/epoch1/seed1978/baseline/rs/REPORT.json,2664.123230241763,0.3753580122152429,0.51427975,0.5279351218749999,0.498197359375,0.0925,0.10599081541223992,0.08057157812198121,0.0,0.001917047281252934,1.0842021724855044e-19,0.1125,0.12709771144177662,0.09938800020119438,0.0,0.001917047281252934,1.0842021724855044e-19,526.7545535326935,0,0.0,0,0.0,wikitection/epoch1/seed1978/baseline/rs,,1981896,495.474,200,2000,2000,0.06318041666666666,0.006318041666666666,17138933248,5.679188465117477,0.0995,0.0,0.1215,0.0,0.39509844117754866,268799,2293879,573.46975,8400,2.1,10124.05917896924,10656.492920967052
wikitection,1,1978,bt,baseline,/home/mxd/lib/SD_MIA/artifacts/runs/audits/qwen_fixed_v1/wikitection/epoch1/seed1978/baseline/bt/REPORT.json,3191.808525822009,0.3133020016426151,0.50044075,0.517771540625,0.48239534375,0.0765,0.0889778117996338,0.06564592724758744,0.0,0.001917047281252934,1.0842021724855044e-19,0.077,0.08951151115448341,0.06611031084545657,0.0,0.001917047281252934,1.0842021724855044e-19,611.3165433050599,0,0.0,0,0.0,wikitection/epoch1/seed1978/baseline/bt,,2829307,707.32675,200,2000,2000,0.050396250000000004,0.005039625000000001,17138933248,5.12512597348541,0.1,0.0,0.104,0.0,0.32919663649295744,403146,3387245,846.81125,12600,3.15,12150.79243400949,12767.234103288036
wikitection,1,1978,samia,baseline,/home/mxd/lib/SD_MIA/artifacts/runs/audits/qwen_fixed_v1/wikitection/epoch1/seed1978/baseline/samia/REPORT.json,3248.073318831535,0.30787482357687074,0.51027125,0.5268213875,0.492942990625,0.1285,0.14388164169130105,0.11454272443866984,0.0015,0.004401032555770693,0.0005102635836384819,0.1345,0.15015574508427282,0.12024561647832303,0.003,0.006529915073935308,0.0013756299236301083,617.7701081868727,0,0.0,0,0.0,wikitection/epoch1/seed1978/baseline/samia,,9707609,2426.90225,200,2000,2000,0.057648750000000006,0.005764875000000001,23936062976,2.4561445448780432,0.1,0.01,0.11,0.013,0.3233089501289503,134400,11508390,2877.0975,42000,10.5,12372.06702259439,12992.293275326141
wikitection,1,1978,draft_auxiliary_distilled,main,/home/mxd/lib/SD_MIA/artifacts/runs/audits/qwen_fixed_v1/wikitection/epoch1/seed1978/draft_auxiliary_distilled/fixed/main_fixed_sparse_positive/REPORT.json,406.3383766049228,2.4610030889902537,0.87587075,0.88604934375,0.8675465687499999,0.09,0.10334082716397261,0.07823115160665478,0.0045,0.008530513218759823,0.0023692806369618345,0.6355,0.6563146755111349,0.6141658046756455,0.2155,0.23405631317694492,0.19803448672608792,71.25872524594888,2358208,589.552,4600,1.15,wikitection/epoch1/seed1978/draft_auxiliary_distilled/fixed,1625.3535064196913,0,0.0,200,2000,2000,0.47794249999999966,0.04779424999999997,21466967552,148.73781651596073,0.1,0.01,0.65,0.2645,2.8462519492149383,4600,2358208,589.552,4600,1.15,1405.3569646577816,1625.3535064196913
wikitection,1,1978,draft_member_sft,main,/home/mxd/lib/SD_MIA/artifacts/runs/audits/qwen_fixed_v1/wikitection/epoch1/seed1978/draft_member_sft/fixed/main_fixed_sparse_positive/REPORT.json,401.65043434139807,2.489727171936809,0.79779775,0.812485425,0.78312309375,0.085,0.09803204843071298,0.07355910081272696,0.005,0.009179695949941846,0.0027181808584985597,0.403,0.4246628924086597,0.38170901476390334,0.068,0.07988169982429345,0.05777462902670909,71.00570781005081,2358208,589.552,4600,1.15,wikitection/epoch1/seed1978/draft_member_sft/fixed,1606.6017373655923,0,0.0,200,2000,2000,0.2716249999999999,0.027162499999999992,21466967552,150.06838262767997,0.1,0.01,0.443,0.107,2.8869867799962154,4600,2358208,589.552,4600,1.15,1385.5276469278615,1606.6017373655923
wikitection,3,1919,loss,baseline,/home/mxd/lib/SD_MIA/artifacts/runs/audits/qwen_fixed_v1/wikitection/epoch3/seed1919/baseline/loss/REPORT.json,71.45733266172465,13.994365067248575,0.7810055,0.79381355,0.76722643125,0.119,0.13392598576607684,0.10553480426223787,0.0215,0.028833833739084404,0.016000780509074646,0.4115,0.43321671905962134,0.3901225983091603,0.09,0.10334082716397261,0.07823115160665478,13.493783139623702,0,0.0,0,0.0,wikitection/epoch3/seed1919/baseline/loss,,0,0.0,200,2000,2000,0.20735250000000002,0.020735250000000004,17326028800,0.08870151860173792,0.1,0.01,0.3725,0.0295,14.692548541651131,4200,2154148,538.537,4200,1.05,272.24684598867316,285.8293306468986
wikitection,3,1919,min_k_prob,baseline,/home/mxd/lib/SD_MIA/artifacts/runs/audits/qwen_fixed_v1/wikitection/epoch3/seed1919/baseline/min_k_prob/REPORT.json,71.99898894797661,13.889083924811183,0.8298315,0.8413326375,0.816820325,0.1115,0.1260459412042156,0.0984436045333179,0.0205,0.02769128947897298,0.01514715886374858,0.4755,0.49741277015094953,0.4536811651658317,0.102,0.11603611589564782,0.08948985374022951,13.865672840038314,0,0.0,0,0.0,wikitection/epoch3/seed1919/baseline/min_k_prob,,0,0.0,200,2000,2000,0.25295500000000004,0.025295500000000005,17326028800,0.08282415720168501,0.1,0.01,0.446,0.0305,14.596012010449076,4200,2154148,538.537,4200,1.05,274.04745879466645,287.99595579190645
wikitection,3,1919,min_k_pp,baseline,/home/mxd/lib/SD_MIA/artifacts/runs/audits/qwen_fixed_v1/wikitection/epoch3/seed1919/baseline/min_k_pp/REPORT.json,72.09434921754291,13.870712626623826,0.95196,0.9585008374999999,0.94450895,0.1195,0.13445066404882938,0.1060082089322041,0.017,0.023661187151846397,0.012190680521843938,0.937,0.9468331004708452,0.9254914002053398,0.259,0.2786487550947212,0.24027526169484267,13.8949120354373,0,0.0,0,0.0,wikitection/epoch3/seed1919/baseline/min_k_pp,,0,0.0,200,2000,2000,0.5763025,0.05763025000000001,17326028800,0.08292018668726087,0.1,0.01,0.9005,0.148,14.577282602946244,4200,2154148,538.537,4200,1.05,274.3995646480471,288.37739687017165
wikitection,3,1919,recall,baseline,/home/mxd/lib/SD_MIA/artifacts/runs/audits/qwen_fixed_v1/wikitection/epoch3/seed1919/baseline/recall/REPORT.json,356.83959783799946,2.802379573507946,0.906836,0.915600975,0.89590975,0.151,0.16736016710457682,0.13597793189773769,0.021,0.028263010469622922,0.015573520825817387,0.814,0.8304453628896024,0.7963507314177706,0.1525,0.16892086108237392,0.13741148677809684,68.28970796964131,0,0.0,0,0.0,wikitection/epoch3/seed1919/baseline/recall,,0,0.0,200,2000,2000,0.3815825000000001,0.03815825000000001,17334580224,0.09196765359956771,0.1,0.01,0.69,0.0345,2.943391121940587,8400,12800696,3200.174,8400,2.1,1358.976715728757,1427.3583913519979
wikitection,3,1919,icp_mia,baseline,/home/mxd/lib/SD_MIA/artifacts/runs/audits/qwen_fixed_v1/wikitection/epoch3/seed1919/baseline/icp_mia/REPORT.json,673.4036718590069,1.4849933877541641,0.94081225,0.9491067625,0.933408625,0.146,0.1621539592357047,0.13120331023942233,0.0305,0.03898271190692737,0.02381739549016912,0.9325,0.9426869375841956,0.9206548165175205,0.6705,0.6907556508610436,0.6495906360160492,131.5646992746042,0,0.0,0,0.0,wikitection/epoch3/seed1919/baseline/icp_mia,,0,0.0,200,2000,2000,0.6902524999999995,0.06902524999999995,17408981504,0.27965548366773874,0.1,0.01,0.8975,0.2865,1.5614202213899864,25200,23286579,5821.64475,25200,6.3,2561.7703326777555,2693.6146874360275
wikitection,3,1919,petal,baseline,/home/mxd/lib/SD_MIA/artifacts/runs/audits/qwen_fixed_v1/wikitection/epoch3/seed1919/baseline/petal/REPORT.json,79.35594287223648,12.601450676605351,0.74925025,0.76241138125,0.7354848625,0.15,0.1663194081471688,0.1350225249497082,0.0225,0.02997290466959618,0.01685787548400037,0.409,0.4307015780275927,0.3876473245775952,0.087,0.10015700783763422,0.07542647321668068,13.93817111919634,0,0.0,0,0.0,wikitection/epoch3/seed1919/baseline/petal,,0,0.0,200,2000,2000,0.1817,0.018170000000000002,17326028800,27.774618921102956,0.1,0.01,0.327,0.0285,14.507945889507603,4600,2359805,589.95125,4600,1.15,275.71098144864663,317.42377148894593
wikitection,3,1919,sead,baseline,/home/mxd/lib/SD_MIA/artifacts/runs/audits/qwen_fixed_v1/wikitection/epoch3/seed1919/baseline/sead/REPORT.json,76.38910240677069,13.090872500046103,0.797786,0.81031415625,0.78408556875,0.124,0.13916923220424876,0.11027238735125346,0.0205,0.02769128947897298,0.01514715886374858,0.4485,0.47037456497668456,0.42682289089328446,0.104,0.1181462506213031,0.09137205082544919,14.708814127603546,0,0.0,0,0.0,wikitection/epoch3/seed1919/baseline/sead,,0,0.0,200,2000,2000,0.2336275000000001,0.023362750000000012,17326028800,0.07422496262006462,0.1,0.01,0.392,0.046,13.756417902419129,4200,2154148,538.537,4200,1.05,290.77337053685915,305.55640962708276
wikitection,3,1919,ws,baseline,/home/mxd/lib/SD_MIA/artifacts/runs/audits/qwen_fixed_v1/wikitection/epoch3/seed1919/baseline/ws/REPORT.json,2439.7826325477513,0.4098725790812548,0.515694875,0.530341640625,0.49797536562500005,0.1145,0.12920022144962875,0.10127782200421726,0.012,0.017793883870480226,0.008077154276022635,0.118,0.13287638834089244,0.10458823578198477,0.016,0.02249946641817221,0.011356235350080627,440.76505044533405,0,0.0,0,0.0,wikitection/epoch3/seed1919/baseline/ws,,1950753,487.68825,200,2000,2000,0.05146625,0.005146625,17183887872,5.093822413124144,0.1,0.0,0.0995,0.0,0.4294946123310718,268800,2293453,573.36325,8400,2.1,9313.271657332545,9759.130530191003
wikitection,3,1919,rs,baseline,/home/mxd/lib/SD_MIA/artifacts/runs/audits/qwen_fixed_v1/wikitection/epoch3/seed1919/baseline/rs/REPORT.json,2425.7877500814798,0.41223722065807744,0.5112905,0.527776159375,0.494821428125,0.1295,0.14492803550121386,0.11549249653419452,0.0,0.001917047281252934,1.0842021724855044e-19,0.1295,0.14492803550121386,0.11549249653419452,0.0,0.001917047281252934,1.0842021724855044e-19,483.90634575881995,0,0.0,0,0.0,wikitection/epoch3/seed1919/baseline/rs,,1927963,481.99075,200,2000,2000,0.05616625000000002,0.005616625000000003,17138966016,7.30321612698026,0.1,0.0,0.1035,0.0,0.4342190000588335,268800,2294307,573.57675,8400,2.1,9211.941438440117,9703.151000325917
wikitection,3,1919,bt,baseline,/home/mxd/lib/SD_MIA/artifacts/runs/audits/qwen_fixed_v1/wikitection/epoch3/seed1919/baseline/bt/REPORT.json,3194.071819733479,0.3130799983337389,0.49536325,0.512876415625,0.47635400625,0.085,0.09803204843071298,0.07355910081272696,0.0,0.001917047281252934,1.0842021724855044e-19,0.088,0.10121875616670008,0.07636089079305232,0.0,0.001917047281252934,1.0842021724855044e-19,614.1166243413463,0,0.0,0,0.0,wikitection/epoch3/seed1919/baseline/bt,,2644700,661.175,200,2000,2000,0.05394375000000002,0.0053943750000000025,17138966016,5.302373963873833,0.1,0.0,0.1095,0.0,0.32903210824236545,403062,3387304,846.826,12600,3.15,12156.868280628696,12776.287278933916
wikitection,3,1919,samia,baseline,/home/mxd/lib/SD_MIA/artifacts/runs/audits/qwen_fixed_v1/wikitection/epoch3/seed1919/baseline/samia/REPORT.json,3175.3371875504963,0.3149271844012935,0.565621125,0.5847488125,0.5473645,0.0945,0.10810879085960753,0.08244593448548859,0.0185,0.025394766717736703,0.013451349814109871,0.1505,0.1668398174173738,0.13550019863222196,0.019,0.025970414566263898,0.013873784918301425,605.3600663963007,0,0.0,0,0.0,wikitection/epoch3/seed1919/baseline/samia,,9818144,2454.536,200,2000,2000,0.08085124999999996,0.008085124999999997,23936120320,2.5152620766311884,0.1,0.01,0.1575,0.008,0.3307569182574929,134400,11510060,2877.515,42000,10.5,12093.473421729053,12701.348750201985
wikitection,3,1919,draft_auxiliary_distilled,main,/home/mxd/lib/SD_MIA/artifacts/runs/audits/qwen_fixed_v1/wikitection/epoch3/seed1919/draft_auxiliary_distilled/fixed/main_fixed_sparse_positive/REPORT.json,415.3474606873642,2.4076227608207508,0.99491075,0.9959415625,0.99359710625,0.119,0.13392598576607684,0.10553480426223787,0.0095,0.014790383154299275,0.006090240228609851,0.9925,0.9954496225641908,0.9876620858637751,0.896,0.9086279491745508,0.8818537493786969,72.53278172912542,2359805,589.95125,4600,1.15,wikitection/epoch3/seed1919/draft_auxiliary_distilled/fixed,1661.3898427494569,0,0.0,200,2000,2000,0.9526399999999987,0.09526399999999988,21466918400,154.9487136574462,0.1,0.01,0.9895,0.9015,2.789578571989234,4600,2359805,589.95125,4600,1.15,1433.9083473628853,1661.3898427494569
wikitection,3,1919,draft_member_sft,main,/home/mxd/lib/SD_MIA/artifacts/runs/audits/qwen_fixed_v1/wikitection/epoch3/seed1919/draft_member_sft/fixed/main_fixed_sparse_positive/REPORT.json,427.7338261057739,2.3379025435147858,0.9922845,0.9938359125,0.990104725,0.129,0.1444048747285008,0.11501757435418881,0.0175,0.024240197666827872,0.012609752959581211,0.995,0.9972818191415014,0.990820304050058,0.887,0.9001396724133878,0.8723765329909224,74.29563736158889,2359805,589.95125,4600,1.15,wikitection/epoch3/seed1919/draft_member_sft/fixed,1710.9353044230957,0,0.0,200,2000,2000,0.9285699999999986,0.09285699999999986,21466918400,156.84116130392067,0.1,0.01,0.988,0.8535,2.70307071161164,4600,2359805,589.95125,4600,1.15,1479.798505757586,1710.9353044230957
wikitection,3,1949,loss,baseline,/home/mxd/lib/SD_MIA/artifacts/runs/audits/qwen_fixed_v1/wikitection/epoch3/seed1949/baseline/loss/REPORT.json,72.62788555177394,13.768816101456432,0.777618,0.7894257250000001,0.7638471625,0.1085,0.12288852080081825,0.09561252722040278,0.0105,0.015998901907473176,0.006877887380873443,0.395,0.4166061233366286,0.37379645659243443,0.032,0.04065523105196132,0.025139125203291417,13.491309993318282,0,0.0,0,0.0,wikitection/epoch3/seed1949/baseline/loss,,0,0.0,200,2000,2000,0.22009750000000003,0.022009750000000005,17326012416,0.06828993931412697,0.1,0.01,0.386,0.0305,14.442938970386214,4200,2154596,538.649,4200,1.05,276.95194227446336,290.5115422070958
wikitection,3,1949,min_k_prob,baseline,/home/mxd/lib/SD_MIA/artifacts/runs/audits/qwen_fixed_v1/wikitection/epoch3/seed1949/baseline/min_k_prob/REPORT.json,76.10657350049587,13.139469483453812,0.830638,0.84011369375,0.8173704374999999,0.1165,0.13130138342787528,0.10316899183684573,0.0105,0.015998901907473176,0.006877887380873443,0.486,0.5079103210027324,0.46414335632114256,0.035,0.04398728481527167,0.027795569156293554,14.064769984106533,0,0.0,0,0.0,wikitection/epoch3/seed1949/baseline/min_k_prob,,0,0.0,200,2000,2000,0.2690599999999999,0.026905999999999992,17326012416,0.07022160035558045,0.1,0.01,0.4585,0.033,13.779262301999195,4200,2154596,538.649,4200,1.05,290.29130241752136,304.4262940019835
wikitection,3,1949,min_k_pp,baseline,/home/mxd/lib/SD_MIA/artifacts/runs/audits/qwen_fixed_v1/wikitection/epoch3/seed1949/baseline/min_k_pp/REPORT.json,74.52735401925747,13.417892170727077,0.94943575,0.95565631875,0.9421205125000001,0.13,0.14545112436413904,0.1159674906239881,0.013,0.01898030851720305,0.008886895534737305,0.9225,0.9334251624390852,0.9099549326082559,0.1975,0.21552055772027012,0.18063925588488788,13.947682696511038,0,0.0,0,0.0,wikitection/epoch3/seed1949/baseline/min_k_pp,,0,0.0,200,2000,2000,0.5717524999999997,0.05717524999999997,17326012416,0.07071384333539754,0.1,0.01,0.879,0.126,14.079994526108056,4200,2154596,538.649,4200,1.05,284.09101953718346,298.1094160770299
wikitection,3,1949,recall,baseline,/home/mxd/lib/SD_MIA/artifacts/runs/audits/qwen_fixed_v1/wikitection/epoch3/seed1949/baseline/recall/REPORT.json,375.32504957326455,2.6643572048734177,0.940214,0.94779254375,0.9328915000000001,0.1225,0.13759707470793917,0.10885029598940679,0.0145,0.020746775563306317,0.01011467734679028,0.895,0.9076862748353004,0.8807992578125098,0.098,0.11181109845692967,0.0857302075571977,71.67756188870408,0,0.0,0,0.0,wikitection/epoch3/seed1949/baseline/recall,,0,0.0,200,2000,2000,0.48953,0.048953,17386995712,0.07484913512598723,0.1,0.01,0.827,0.0635,2.798087643954134,8400,13523992,3380.998,8400,2.1,1429.5477872692281,1501.3001982930582
wikitection,3,1949,icp_mia,baseline,/home/mxd/lib/SD_MIA/artifacts/runs/audits/qwen_fixed_v1/wikitection/epoch3/seed1949/baseline/icp_mia/REPORT.json,673.058553253999,1.4857548353933774,0.9580495,0.96437473125,0.9504280375,0.078,0.09057848177051976,0.06703950613485772,0.005,0.009179695949941846,0.0027181808584985597,0.9355,0.9454526728237109,0.9238775789943177,0.218,0.23662659109443912,0.20045462357218746,128.80315237154718,0,0.0,0,0.0,wikitection/epoch3/seed1949/baseline/icp_mia,,0,0.0,200,2000,2000,0.8142999999999998,0.08142999999999999,17408989696,0.1801125112688169,0.1,0.01,0.9475,0.5505,1.5605182952973087,25200,23146263,5786.56575,25200,6.3,2563.25094813318,2692.234213015996
wikitection,3,1949,petal,baseline,/home/mxd/lib/SD_MIA/artifacts/runs/audits/qwen_fixed_v1/wikitection/epoch3/seed1949/baseline/petal/REPORT.json,80.15495182774612,12.475835580925944,0.7427695,0.7556188625,0.72859540625,0.096,0.10969613024508282,0.08385284395816955,0.009,0.014182040701612969,0.005700499728577407,0.339,0.36003701404242666,0.3185802751821368,0.0245,0.032241481682334906,0.01858163028213664,14.09270040516276,0,0.0,0,0.0,wikitection/epoch3/seed1949/baseline/petal,,0,0.0,200,2000,2000,0.19222249999999988,0.01922224999999999,17326012416,27.85868292185478,0.1,0.01,0.347,0.027,14.353976467136938,4600,2358046,589.5115,4600,1.15,278.66842398396693,320.61980731098447
wikitection,3,1949,sead,baseline,/home/mxd/lib/SD_MIA/artifacts/runs/audits/qwen_fixed_v1/wikitection/epoch3/seed1949/baseline/sead/REPORT.json,77.16137827723287,12.959851448053497,0.79573,0.8069700875,0.78203196875,0.1015,0.11550833868916041,0.0890195479939982,0.0095,0.014790383154299275,0.006090240228609851,0.4325,0.45432142729521574,0.4109373740877533,0.0355,0.04454106069401996,0.028239876230264,14.81460874271579,0,0.0,0,0.0,wikitection/epoch3/seed1949/baseline/sead,,0,0.0,200,2000,2000,0.25521250000000006,0.02552125000000001,17326012416,0.1149052259279415,0.1,0.01,0.4315,0.038,13.61859759668549,4200,2154596,538.649,4200,1.05,293.71599914028775,308.6455131089315
wikitection,3,1949,ws,baseline,/home/mxd/lib/SD_MIA/artifacts/runs/audits/qwen_fixed_v1/wikitection/epoch3/seed1949/baseline/ws/REPORT.json,2143.013261951506,0.4666326698740835,0.49600225,0.512549021875,0.47748641875000003,0.1,0.11392441240665252,0.08760922541834984,0.0,0.001917047281252934,1.0842021724855044e-19,0.0815,0.09430851209595872,0.07029605647844997,0.0,0.001917047281252934,1.0842021724855044e-19,407.1558898158837,0,0.0,0,0.0,wikitection/epoch3/seed1949/baseline/ws,,1963633,490.90825,200,2000,2000,0.043656250000000014,0.0043656250000000014,17172678144,4.486632268410176,0.1,0.0,0.0815,0.0,0.49017141814029364,268799,2295195,573.79875,8400,2.1,8160.410525721731,8572.053047806025
wikitection,3,1949,rs,baseline,/home/mxd/lib/SD_MIA/artifacts/runs/audits/qwen_fixed_v1/wikitection/epoch3/seed1949/baseline/rs/REPORT.json,2146.159879793035,0.4659485108334218,0.506419875,0.523842578125,0.490828153125,0.093,0.10652047477728435,0.08104000170965553,0.0,0.001917047281252934,1.0842021724855044e-19,0.086,0.09909477446848819,0.07449254068038921,0.0,0.001917047281252934,1.0842021724855044e-19,408.3765092075337,0,0.0,0,0.0,wikitection/epoch3/seed1949/baseline/rs,,1954250,488.5625,200,2000,2000,0.04604625000000001,0.004604625000000001,17138966016,4.666512569296174,0.0995,0.0,0.094,0.0,0.4895004300903743,268800,2294768,573.692,8400,2.1,8171.596497395309,8584.639519172139
wikitection,3,1949,bt,baseline,/home/mxd/lib/SD_MIA/artifacts/runs/audits/qwen_fixed_v1/wikitection/epoch3/seed1949/baseline/bt/REPORT.json,3210.7306330832366,0.31145558886069147,0.49787625,0.516113515625,0.48251806875000003,0.1285,0.14388164169130105,0.11454272443866984,0.0,0.001917047281252934,1.0842021724855044e-19,0.12,0.13497526262337084,0.10648169331038138,0.0,0.001917047281252934,1.0842021724855044e-19,613.8676703454694,0,0.0,0,0.0,wikitection/epoch3/seed1949/baseline/bt,,2829961,707.49025,200,2000,2000,0.04472375000000001,0.004472375000000001,17138966016,5.022039422765374,0.1,0.0,0.0945,0.0,0.3272242522628277,403124,3388420,847.105,12600,3.15,12224.03282256471,12842.922532332945
wikitection,3,1949,samia,baseline,/home/mxd/lib/SD_MIA/artifacts/runs/audits/qwen_fixed_v1/wikitection/epoch3/seed1949/baseline/samia/REPORT.json,3192.0821617442703,0.3132751443507843,0.57024525,0.5843911125,0.55332033125,0.0885,0.10174945076676101,0.07682827914571014,0.018,0.024818042134845595,0.01302999144428223,0.151,0.16736016710457682,0.13597793189773769,0.017,0.023661187151846397,0.012190680521843938,606.8982202578336,0,0.0,0,0.0,wikitection/epoch3/seed1949/baseline/samia,,9975418,2493.8545,200,2000,2000,0.08024124999999997,0.008024124999999998,23935997440,2.403559792554006,0.1,0.01,0.1695,0.0075,0.3289736953275634,134400,11512930,2878.2325,42000,10.5,12159.026866926695,12768.328646977083
wikitection,3,1949,draft_auxiliary_distilled,main,/home/mxd/lib/SD_MIA/artifacts/runs/audits/qwen_fixed_v1/wikitection/epoch3/seed1949/draft_auxiliary_distilled/fixed/main_fixed_sparse_positive/REPORT.json,419.915725341707,2.381430224329533,0.99568075,0.99724034375,0.9939969187500001,0.0855,0.09856347351850255,0.07402575867765614,0.0145,0.020746775563306317,0.01011467734679028,0.9975,0.9989316912715861,0.9941608466835673,0.935,0.9449921623785968,0.9233400064867132,73.3176965918392,2358046,589.5115,4600,1.15,wikitection/epoch3/seed1949/draft_auxiliary_distilled/fixed,1679.662901366828,0,0.0,200,2000,2000,0.9570125000000008,0.09570125000000008,21466902016,155.74069679086097,0.1,0.01,0.999,0.91,2.7574710942810383,4600,2358046,589.5115,4600,1.15,1450.6045079841278,1679.662901366828
wikitection,3,1949,draft_member_sft,main,/home/mxd/lib/SD_MIA/artifacts/runs/audits/qwen_fixed_v1/wikitection/epoch3/seed1949/draft_member_sft/fixed/main_fixed_sparse_positive/REPORT.json,407.9960995138681,2.4510038237902547,0.99201475,0.9939722687500001,0.98989310625,0.077,0.08951151115448341,0.06611031084545657,0.0025,0.005839153316432755,0.0010683087284139143,0.985,0.9894729019628932,0.9786675621742913,0.6055,0.6266978802325164,0.5838976227911393,70.74487952527124,2358046,589.5115,4600,1.15,wikitection/epoch3/seed1949/draft_member_sft/fixed,1631.9843980554724,0,0.0,200,2000,2000,0.9246699999999997,0.09246699999999997,21466902016,149.99660760129336,0.1,0.01,0.9925,0.8345,2.834380934014486,4600,2358046,589.5115,4600,1.15,1411.2429109289078,1631.9843980554724
wikitection,3,1978,loss,baseline,/home/mxd/lib/SD_MIA/artifacts/runs/audits/qwen_fixed_v1/wikitection/epoch3/seed1978/baseline/loss/REPORT.json,73.96449605526868,13.520000180259018,0.77122925,0.78270093125,0.75749365625,0.101,0.11498046280503259,0.08854934092540727,0.0135,0.019570793006999862,0.009294493997659236,0.37,0.3913898365241148,0.3491085957690108,0.0475,0.05772090719335553,0.03901402059617837,13.972006341209635,0,0.0,0,0.0,wikitection/epoch3/seed1978/baseline/loss,,0,0.0,200,2000,2000,0.22854000000000002,0.022854000000000003,17326077952,0.07381836033891886,0.1,0.01,0.37,0.038,14.19385170185621,4200,2153845,538.46125,4200,1.05,281.8121595195262,295.85798422107473
wikitection,3,1978,min_k_prob,baseline,/home/mxd/lib/SD_MIA/artifacts/runs/audits/qwen_fixed_v1/wikitection/epoch3/seed1978/baseline/min_k_prob/REPORT.json,74.46399263446801,13.429309450392248,0.825229,0.83463711875,0.8130715562499999,0.1055,0.11972784613642784,0.0927847041684807,0.0135,0.019570793006999862,0.009294493997659236,0.455,0.47688964396671524,0.4332828902885974,0.056,0.06695400404698805,0.04674833393876454,14.337956158909947,0,0.0,0,0.0,wikitection/epoch3/seed1978/baseline/min_k_prob,,0,0.0,200,2000,2000,0.2731850000000001,0.027318500000000013,17326077952,0.087001807638444,0.1,0.01,0.4445,0.042,14.112781673788872,4200,2153845,538.46125,4200,1.05,283.43101257132366,297.85597053787205
wikitection,3,1978,min_k_pp,baseline,/home/mxd/lib/SD_MIA/artifacts/runs/audits/qwen_fixed_v1/wikitection/epoch3/seed1978/baseline/min_k_pp/REPORT.json,74.5761531914759,13.40911212505797,0.95520475,0.960512275,0.94791926875,0.079,0.09164488989041128,0.0679692639204037,0.011,0.016599446829747115,0.007275425411318251,0.8515,0.8664101361455075,0.8352421796157717,0.1475,0.16371645942510324,0.13263505890818003,14.349593628081493,0,0.0,0,0.0,wikitection/epoch3/seed1978/baseline/min_k_pp,,0,0.0,200,2000,2000,0.6133275000000001,0.06133275000000002,17326077952,0.07292968942783773,0.1,0.01,0.908,0.129,14.09035704849264,4200,2153845,538.46125,4200,1.05,283.88208944839425,298.3046127659036
wikitection,3,1978,recall,baseline,/home/mxd/lib/SD_MIA/artifacts/runs/audits/qwen_fixed_v1/wikitection/epoch3/seed1978/baseline/recall/REPORT.json,385.7302602742566,2.592485223453804,0.94067175,0.94706559375,0.9335615125,0.0865,0.0996259522547731,0.07495944584682306,0.004,0.007873464296037741,0.0020282466069651696,0.7665,0.7845193476104045,0.7474588661886875,0.086,0.09909477446848819,0.07449254068038921,73.8017598350998,0,0.0,0,0.0,wikitection/epoch3/seed1978/baseline/recall,,0,0.0,200,2000,2000,0.5251699999999996,0.05251699999999996,17387061248,0.07714528252836317,0.1,0.01,0.819,0.193,2.7228626749587637,8400,13522490,3380.6225,8400,2.1,1469.0421359793982,1542.9210410970263
wikitection,3,1978,icp_mia,baseline,/home/mxd/lib/SD_MIA/artifacts/runs/audits/qwen_fixed_v1/wikitection/epoch3/seed1978/baseline/icp_mia/REPORT.json,693.0184784634912,1.4429629671882997,0.95548425,0.962136475,0.9482126562500001,0.08,0.09271074519851809,0.06889957451773436,0.01,0.015395938459075187,0.006482767876552687,0.9175,0.9287722913473178,0.9046269741728359,0.3445,0.3656066568306976,0.32398954487377196,132.37921744619962,0,0.0,0,0.0,wikitection/epoch3/seed1978/baseline/icp_mia,,0,0.0,200,2000,2000,0.7649724999999999,0.07649725,17408940544,0.18237172602675855,0.1,0.01,0.932,0.3565,1.51543145398357,25200,23228866,5807.2165,25200,6.3,2639.5123246817384,2772.0739138539648
wikitection,3,1978,petal,baseline,/home/mxd/lib/SD_MIA/artifacts/runs/audits/qwen_fixed_v1/wikitection/epoch3/seed1978/baseline/petal/REPORT.json,81.95233054223354,12.202215524360923,0.73737275,0.749879025,0.72381059375,0.109,0.12341498034811699,0.09608415062582279,0.0095,0.014790383154299275,0.006090240228609851,0.358,0.3792646141708819,0.33727982725699385,0.029,0.03730545692281039,0.022500401616129873,14.415955094969831,0,0.0,0,0.0,wikitection/epoch3/seed1978/baseline/petal,,0,0.0,200,2000,2000,0.19967250000000009,0.01996725000000001,17326077952,28.549080971395597,0.1,0.01,0.3415,0.0325,14.042760185681422,4600,2358208,589.552,4600,1.15,284.84428610256873,327.80932216893416
wikitection,3,1978,sead,baseline,/home/mxd/lib/SD_MIA/artifacts/runs/audits/qwen_fixed_v1/wikitection/epoch3/seed1978/baseline/sead/REPORT.json,78.8873948554683,12.676296407456814,0.79034375,0.8019413375000001,0.7758207625,0.0965,0.11022502986382192,0.0843220272921492,0.013,0.01898030851720305,0.008886895534737305,0.393,0.4145909984127366,0.37181924970545144,0.059,0.070196614851898,0.04949422085016707,15.175044071860611,0,0.0,0,0.0,wikitection/epoch3/seed1978/baseline/sead,,0,0.0,200,2000,2000,0.2551625,0.025516250000000004,17326077952,0.07213150488678366,0.1,0.01,0.4015,0.0485,13.31990669666071,4200,2153845,538.46125,4200,1.05,300.3024038451258,315.5495794218732
wikitection,3,1978,ws,baseline,/home/mxd/lib/SD_MIA/artifacts/runs/audits/qwen_fixed_v1/wikitection/epoch3/seed1978/baseline/ws/REPORT.json,2188.30715447705,0.45697424054667257,0.4986735,0.5116278906249999,0.481167925,0.0515,0.062074871360945055,0.042644720050338814,0.0,0.001917047281252934,1.0842021724855044e-19,0.0615,0.07289308023153022,0.05178817023412858,0.0,0.001917047281252934,1.0842021724855044e-19,409.5756730576977,0,0.0,0,0.0,wikitection/epoch3/seed1978/baseline/ws,,2013536,503.384,200,2000,2000,0.05741375000000001,0.005741375000000002,17198226432,4.527596635860391,0.1,0.01,0.1055,0.01,0.47966661166166263,268800,2293319,573.32975,8400,2.1,8339.125348214642,8753.2286179082
wikitection,3,1978,rs,baseline,/home/mxd/lib/SD_MIA/artifacts/runs/audits/qwen_fixed_v1/wikitection/epoch3/seed1978/baseline/rs/REPORT.json,2204.9319880437392,0.45352872806168515,0.49561525,0.5106496093749999,0.47532094062499997,0.075,0.08737584213183769,0.0642536480572273,0.0,0.001917047281252934,1.0842021724855044e-19,0.0795,0.0921778860524085,0.06843435071112523,0.0,0.001917047281252934,1.0842021724855044e-19,417.63286170049105,0,0.0,0,0.0,wikitection/epoch3/seed1978/baseline/rs,,1995933,498.98325,200,2000,2000,0.056572500000000046,0.005657250000000005,17138933248,4.676110349362716,0.1,0.01,0.1065,0.018,0.47633683748151007,268800,2293879,573.46975,8400,2.1,8397.418980125105,8819.727952174959
wikitection,3,1978,bt,baseline,/home/mxd/lib/SD_MIA/artifacts/runs/audits/qwen_fixed_v1/wikitection/epoch3/seed1978/baseline/bt/REPORT.json,3329.473215747014,0.3003478133629125,0.50150925,0.5184373375,0.485024940625,0.0855,0.09856347351850255,0.07402575867765614,0.0,0.001917047281252934,1.0842021724855044e-19,0.091,0.1044011640587591,0.07916698061730579,0.0,0.001917047281252934,1.0842021724855044e-19,625.18240600219,0,0.0,0,0.0,wikitection/epoch3/seed1978/baseline/bt,,2796996,699.249,200,2000,2000,0.05512625000000001,0.005512625000000001,17138933248,5.007535249227658,0.1,0.0,0.1025,0.0,0.3152658936510233,403182,3387454,846.8635,12600,3.15,12687.702921736636,13317.892862988054
wikitection,3,1978,samia,baseline,/home/mxd/lib/SD_MIA/artifacts/runs/audits/qwen_fixed_v1/wikitection/epoch3/seed1978/baseline/samia/REPORT.json,3252.90129367623,0.3074178739896104,0.559732375,0.577598003125,0.543834771875,0.119,0.13392598576607684,0.10553480426223787,0.0045,0.008530513218759823,0.0023692806369618345,0.1695,0.18657328288785022,0.15369388536505793,0.01,0.015395938459075187,0.006482767876552687,618.7185193398036,0,0.0,0,0.0,wikitection/epoch3/seed1978/baseline/samia,,10043139,2510.78475,200,2000,2000,0.08548374999999998,0.008548374999999999,23936062976,2.4620088145602494,0.1,0.01,0.155,0.017,0.32282993635037227,134400,11508390,2877.0975,42000,10.5,12390.424646550557,13011.60517470492
wikitection,3,1978,draft_auxiliary_distilled,main,/home/mxd/lib/SD_MIA/artifacts/runs/audits/qwen_fixed_v1/wikitection/epoch3/seed1978/draft_auxiliary_distilled/fixed/main_fixed_sparse_positive/REPORT.json,438.80051261847257,2.2789399083256727,0.9962045,0.99703529375,0.9950375,0.088,0.10121875616670008,0.07636089079305232,0.002,0.005131351785076866,0.0007780273070510575,0.9935,0.9961974035059259,0.9889104708274775,0.8255,0.8415054796410861,0.8082465225788182,76.47123502218165,2358208,589.552,4600,1.15,wikitection/epoch3/seed1978/draft_auxiliary_distilled/fixed,1755.2020504738903,0,0.0,200,2000,2000,0.9642499999999994,0.09642499999999994,21466967552,163.86875428340863,0.1,0.01,0.9945,0.9205,2.640504440988573,4600,2358208,589.552,4600,1.15,1514.8620611683,1755.2020504738903
wikitection,3,1978,draft_member_sft,main,/home/mxd/lib/SD_MIA/artifacts/runs/audits/qwen_fixed_v1/wikitection/epoch3/seed1978/draft_member_sft/fixed/main_fixed_sparse_positive/REPORT.json,420.5492185478506,2.377842963192235,0.99125775,0.99293014375,0.98934321875,0.1045,0.11867354388090919,0.09184284051856186,0.0025,0.005839153316432755,0.0010683087284139143,0.9845,0.9890590270662959,0.97808335411817,0.675,0.695174631214787,0.6541544022367746,73.38884259399492,2358208,589.552,4600,1.15,wikitection/epoch3/seed1978/draft_member_sft/fixed,1682.1968741914025,0,0.0,200,2000,2000,0.9255449999999995,0.09255449999999996,21466967552,156.1437891726382,0.1,0.01,0.9825,0.8355,2.7535612725782035,4600,2358208,589.552,4600,1.15,1452.6642424247693,1682.1968741914025
